,zipcode,mean_price,number_price,metropolitan,state,ZHVI_rank,ZRI_rank,ZHVI_latest_value,City,city,state,population,5_years_or_less,5-9_years,10-14_years,15-19_years,20-24_years,25-34_years,35-44_years,45-54_years,55-59_years,60-64_years,65-74_years,75-84_years,85_years_or_more,households,"$9,999_or_less","$10,000-$14,999","$15,000-$24,999","$25,000-$34,999","$35,000-$49,999","$50,000-$64,999","$65,000-$74,999","$75,000-$99,999","$100,000_or_more",median_household_income,mean_household_income
1,10464,143.2857143,7,NYC,NY,10179,11693,494200,BRONX,bronx,NY,2300,118,173,164,114,106,321,291,400,158,133,176,95,51,1182,0.4,3.8,23,12.9,21.3,20.6,7.9,5.7,4.4,27000,27000
2,10467,79.76923077,39,NYC,NY,10179,8,494200,BRONX,bronx,NY,2300,118,173,164,114,106,321,291,400,158,133,176,95,51,1182,0.4,3.8,23,12.9,21.3,20.6,7.9,5.7,4.4,27000,27000
3,10469,70.7,50,NYC,NY,10179,955,494200,BRONX,bronx,NY,2300,118,173,164,114,106,321,291,400,158,133,176,95,51,1182,0.4,3.8,23,12.9,21.3,20.6,7.9,5.7,4.4,27000,27000
4,10462,83.70588235,34,NYC,NY,24,36,135400,BRONX,bronx,NY,2300,118,173,164,114,106,321,291,400,158,133,176,95,51,1182,0.4,3.8,23,12.9,21.3,20.6,7.9,5.7,4.4,27000,27000
5,11105,97.61038961,231,NYC,NY,2540,2790,804600,ASTORIA,astoria,OR,14375,821,938,793,835,907,2130,1767,1697,1106,991,1283,639,468,7686,3.1,4.3,15.2,21.3,21.7,16.6,4.6,8.4,4.8,25608,25608
6,11102,97.33984375,256,NYC,NY,10179,2137,494200,ASTORIA,astoria,OR,14375,821,938,793,835,907,2130,1767,1697,1106,991,1283,639,468,7686,3.1,4.3,15.2,21.3,21.7,16.6,4.6,8.4,4.8,25608,25608
7,11370,94.5625,32,NYC,NY,6059,6687,674400,EAST ELMHURST,east elmhurst,NY,2300,118,173,164,114,106,321,291,400,158,133,176,95,51,1182,0.4,3.8,23,12.9,21.3,20.6,7.9,5.7,4.4,27000,27000
8,11106,107.4514107,319,NYC,NY,10179,1075,494200,ASTORIA,astoria,OR,14375,821,938,793,835,907,2130,1767,1697,1106,991,1283,639,468,7686,3.1,4.3,15.2,21.3,21.7,16.6,4.6,8.4,4.8,25608,25608
10,11103,96.41016949,295,NYC,NY,1785,1957,838100,ASTORIA,astoria,OR,14375,821,938,793,835,907,2130,1767,1697,1106,991,1283,639,468,7686,3.1,4.3,15.2,21.3,21.7,16.6,4.6,8.4,4.8,25608,25608
11,11229,68.29333333,75,NYC,NY,10179,73,494200,BROOKLYN,brooklyn,MI,2929,206,197,150,168,171,256,278,402,344,141,378,160,78,1414,1.8,3.9,14.9,6.2,20.9,17.4,12.6,10,12.3,35625,35625
12,10472,47.11111111,18,NYC,NY,10179,11693,494200,BRONX,bronx,NY,2300,118,173,164,114,106,321,291,400,158,133,176,95,51,1182,0.4,3.8,23,12.9,21.3,20.6,7.9,5.7,4.4,27000,27000
13,10473,61.4,25,NYC,NY,617,679,369100,BRONX,bronx,NY,2300,118,173,164,114,106,321,291,400,158,133,176,95,51,1182,0.4,3.8,23,12.9,21.3,20.6,7.9,5.7,4.4,27000,27000
14,11417,101.6363636,11,NYC,NY,5658,6243,496200,OZONE PARK,ozone park,NY,2300,118,173,164,114,106,321,291,400,158,133,176,95,51,1182,0.4,3.8,23,12.9,21.3,20.6,7.9,5.7,4.4,27000,27000
15,11416,69,15,NYC,NY,7467,8328,495500,OZONE PARK,ozone park,NY,2300,118,173,164,114,106,321,291,400,158,133,176,95,51,1182,0.4,3.8,23,12.9,21.3,20.6,7.9,5.7,4.4,27000,27000
16,11421,63.69444444,36,NYC,NY,4461,4928,513800,WOODHAVEN,woodhaven,NY,2300,118,173,164,114,106,321,291,400,158,133,176,95,51,1182,0.4,3.8,23,12.9,21.3,20.6,7.9,5.7,4.4,27000,27000
17,11419,81.31818182,22,NYC,NY,4662,5145,482300,SOUTH RICHMOND HILL,south richmond hill,NY,2300,118,173,164,114,106,321,291,400,158,133,176,95,51,1182,0.4,3.8,23,12.9,21.3,20.6,7.9,5.7,4.4,27000,27000
18,11418,94.52380952,21,NYC,NY,4820,5322,527500,RICHMOND HILL,richmond hill,NY,2300,118,173,164,114,106,321,291,400,158,133,176,95,51,1182,0.4,3.8,23,12.9,21.3,20.6,7.9,5.7,4.4,27000,27000
19,10457,68.8125,16,NYC,NY,171,198,376300,BRONX,bronx,NY,2300,118,173,164,114,106,321,291,400,158,133,176,95,51,1182,0.4,3.8,23,12.9,21.3,20.6,7.9,5.7,4.4,27000,27000
20,10458,64.86956522,23,NYC,NY,10179,11693,494200,BRONX,bronx,NY,2300,118,173,164,114,106,321,291,400,158,133,176,95,51,1182,0.4,3.8,23,12.9,21.3,20.6,7.9,5.7,4.4,27000,27000
21,10468,68.52941176,17,NYC,NY,10179,11693,494200,BRONX,bronx,NY,2300,118,173,164,114,106,321,291,400,158,133,176,95,51,1182,0.4,3.8,23,12.9,21.3,20.6,7.9,5.7,4.4,27000,27000
22,10460,182.6470588,17,NYC,NY,10179,11693,494200,BRONX,bronx,NY,2300,118,173,164,114,106,321,291,400,158,133,176,95,51,1182,0.4,3.8,23,12.9,21.3,20.6,7.9,5.7,4.4,27000,27000
23,11357,173.75,4,NYC,NY,2364,2594,818700,WHITESTONE,whitestone,NY,2300,118,173,164,114,106,321,291,400,158,133,176,95,51,1182,0.4,3.8,23,12.9,21.3,20.6,7.9,5.7,4.4,27000,27000
24,10312,148.7777778,9,NYC,NY,860,952,519800,STATEN ISLAND,staten island,NY,2300,118,173,164,114,106,321,291,400,158,133,176,95,51,1182,0.4,3.8,23,12.9,21.3,20.6,7.9,5.7,4.4,27000,27000
25,10305,118.5757576,34,NYC,NY,2329,2555,483700,STATEN ISLAND,staten island,NY,2300,118,173,164,114,106,321,291,400,158,133,176,95,51,1182,0.4,3.8,23,12.9,21.3,20.6,7.9,5.7,4.4,27000,27000
26,11692,93.52777778,72,NYC,NY,5975,6589,365500,ARVERNE,arverne,NY,2300,118,173,164,114,106,321,291,400,158,133,176,95,51,1182,0.4,3.8,23,12.9,21.3,20.6,7.9,5.7,4.4,27000,27000
27,11101,112.18,300,NYC,NY,1976,2164,849700,LONG ISLAND CITY,long island city,NY,2300,118,173,164,114,106,321,291,400,158,133,176,95,51,1182,0.4,3.8,23,12.9,21.3,20.6,7.9,5.7,4.4,27000,27000
28,11377,82.13567839,199,NYC,NY,63,82,530000,WOODSIDE,woodside,NY,2300,118,173,164,114,106,321,291,400,158,133,176,95,51,1182,0.4,3.8,23,12.9,21.3,20.6,7.9,5.7,4.4,27000,27000
29,10003,185.4459103,765,NYC,NY,10179,35,494200,NEW YORK,new york,NY,2300,118,173,164,114,106,321,291,400,158,133,176,95,51,1182,0.4,3.8,23,12.9,21.3,20.6,7.9,5.7,4.4,27000,27000
30,11103-3233,59,1,NYC,NY,10179,11693,494200,#N/A,#N/A,NY,2300,118,173,164,114,106,321,291,400,158,133,176,95,51,1182,0.4,3.8,23,12.9,21.3,20.6,7.9,5.7,4.4,27000,27000
31,11356,92.90909091,11,NYC,NY,6151,6788,688400,COLLEGE POINT,college point,NY,2300,118,173,164,114,106,321,291,400,158,133,176,95,51,1182,0.4,3.8,23,12.9,21.3,20.6,7.9,5.7,4.4,27000,27000
32,11214,76.13636364,22,NYC,NY,46,63,659600,BROOKLYN,brooklyn,MI,2929,206,197,150,168,171,256,278,402,344,141,378,160,78,1414,1.8,3.9,14.9,6.2,20.9,17.4,12.6,10,12.3,35625,35625
33,11228,107.4814815,27,NYC,NY,3412,3744,901000,BROOKLYN,brooklyn,MI,2929,206,197,150,168,171,256,278,402,344,141,378,160,78,1414,1.8,3.9,14.9,6.2,20.9,17.4,12.6,10,12.3,35625,35625
34,11360,123.4444444,9,NYC,NY,10179,5195,494200,BAYSIDE,bayside,NY,2300,118,173,164,114,106,321,291,400,158,133,176,95,51,1182,0.4,3.8,23,12.9,21.3,20.6,7.9,5.7,4.4,27000,27000
35,11361,113.3809524,21,NYC,NY,4272,4709,797000,BAYSIDE,bayside,NY,2300,118,173,164,114,106,321,291,400,158,133,176,95,51,1182,0.4,3.8,23,12.9,21.3,20.6,7.9,5.7,4.4,27000,27000
36,11364,55.8125,16,NYC,NY,10179,2862,494200,OAKLAND GARDENS,oakland gardens,NY,2300,118,173,164,114,106,321,291,400,158,133,176,95,51,1182,0.4,3.8,23,12.9,21.3,20.6,7.9,5.7,4.4,27000,27000
37,10280,218.7297297,38,NYC,NY,7343,8167,851200,NEW YORK,new york,NY,2300,118,173,164,114,106,321,291,400,158,133,176,95,51,1182,0.4,3.8,23,12.9,21.3,20.6,7.9,5.7,4.4,27000,27000
38,10006,190.1515152,66,NYC,NY,9424,10753,863700,NEW YORK,new york,NY,2300,118,173,164,114,106,321,291,400,158,133,176,95,51,1182,0.4,3.8,23,12.9,21.3,20.6,7.9,5.7,4.4,27000,27000
39,10282,250.2307692,13,NYC,NY,10179,11693,494200,NEW YORK,new york,NY,2300,118,173,164,114,106,321,291,400,158,133,176,95,51,1182,0.4,3.8,23,12.9,21.3,20.6,7.9,5.7,4.4,27000,27000
40,10004,203.6271186,59,NYC,NY,9652,11058,1425100,NEW YORK,new york,NY,2300,118,173,164,114,106,321,291,400,158,133,176,95,51,1182,0.4,3.8,23,12.9,21.3,20.6,7.9,5.7,4.4,27000,27000
41,10012,210.4399225,522,NYC,NY,2147,11693,2369200,NEW YORK,new york,NY,2300,118,173,164,114,106,321,291,400,158,133,176,95,51,1182,0.4,3.8,23,12.9,21.3,20.6,7.9,5.7,4.4,27000,27000
42,10005,181.1465517,117,NYC,NY,6829,7572,1269000,NEW YORK,new york,NY,2300,118,173,164,114,106,321,291,400,158,133,176,95,51,1182,0.4,3.8,23,12.9,21.3,20.6,7.9,5.7,4.4,27000,27000
43,10033,86.33703704,270,NYC,NY,10179,691,494200,NEW YORK,new york,NY,2300,118,173,164,114,106,321,291,400,158,133,176,95,51,1182,0.4,3.8,23,12.9,21.3,20.6,7.9,5.7,4.4,27000,27000
44,11209,87.33802817,71,NYC,NY,38,52,731100,BROOKLYN,brooklyn,MI,2929,206,197,150,168,171,256,278,402,344,141,378,160,78,1414,1.8,3.9,14.9,6.2,20.9,17.4,12.6,10,12.3,35625,35625
45,11220,75.64137931,145,NYC,NY,10179,426,494200,BROOKLYN,brooklyn,MI,2929,206,197,150,168,171,256,278,402,344,141,378,160,78,1414,1.8,3.9,14.9,6.2,20.9,17.4,12.6,10,12.3,35625,35625
46,10306,71.93333333,15,NYC,NY,753,825,494600,STATEN ISLAND,staten island,NY,2300,118,173,164,114,106,321,291,400,158,133,176,95,51,1182,0.4,3.8,23,12.9,21.3,20.6,7.9,5.7,4.4,27000,27000
47,11691,73.48717949,39,NYC,NY,768,842,427600,FAR ROCKAWAY,far rockaway,NY,2300,118,173,164,114,106,321,291,400,158,133,176,95,51,1182,0.4,3.8,23,12.9,21.3,20.6,7.9,5.7,4.4,27000,27000
48,11233,99.75250836,598,NYC,NY,197,227,733900,BROOKLYN,brooklyn,MI,2929,206,197,150,168,171,256,278,402,344,141,378,160,78,1414,1.8,3.9,14.9,6.2,20.9,17.4,12.6,10,12.3,35625,35625
49,11206,91.12205567,1405,NYC,NY,36,50,632600,BROOKLYN,brooklyn,MI,2929,206,197,150,168,171,256,278,402,344,141,378,160,78,1414,1.8,3.9,14.9,6.2,20.9,17.4,12.6,10,12.3,35625,35625
50,11221,87.18201754,1371,NYC,NY,93,115,1033600,BROOKLYN,brooklyn,MI,2929,206,197,150,168,171,256,278,402,344,141,378,160,78,1414,1.8,3.9,14.9,6.2,20.9,17.4,12.6,10,12.3,35625,35625
51,11205,119.2606838,472,NYC,NY,1485,1632,833000,BROOKLYN,brooklyn,MI,2929,206,197,150,168,171,256,278,402,344,141,378,160,78,1414,1.8,3.9,14.9,6.2,20.9,17.4,12.6,10,12.3,35625,35625
52,11216,100.1771824,1162,NYC,NY,10179,519,494200,BROOKLYN,brooklyn,MI,2929,206,197,150,168,171,256,278,402,344,141,378,160,78,1414,1.8,3.9,14.9,6.2,20.9,17.4,12.6,10,12.3,35625,35625
53,11238,124.4477186,1054,NYC,NY,189,217,972000,BROOKLYN,brooklyn,MI,2929,206,197,150,168,171,256,278,402,344,141,378,160,78,1414,1.8,3.9,14.9,6.2,20.9,17.4,12.6,10,12.3,35625,35625
54,11211,138.2856441,2043,NYC,NY,118,141,1091300,BROOKLYN,brooklyn,MI,2929,206,197,150,168,171,256,278,402,344,141,378,160,78,1414,1.8,3.9,14.9,6.2,20.9,17.4,12.6,10,12.3,35625,35625
55,11213,101.559194,398,NYC,NY,348,388,977600,BROOKLYN,brooklyn,MI,2929,206,197,150,168,171,256,278,402,344,141,378,160,78,1414,1.8,3.9,14.9,6.2,20.9,17.4,12.6,10,12.3,35625,35625
56,11237,79.51787774,868,NYC,NY,10179,1889,494200,BROOKLYN,brooklyn,MI,2929,206,197,150,168,171,256,278,402,344,141,378,160,78,1414,1.8,3.9,14.9,6.2,20.9,17.4,12.6,10,12.3,35625,35625
57,11226,85.2339688,577,NYC,NY,9,12,658700,BROOKLYN,brooklyn,MI,2929,206,197,150,168,171,256,278,402,344,141,378,160,78,1414,1.8,3.9,14.9,6.2,20.9,17.4,12.6,10,12.3,35625,35625
58,11207,81.34971098,347,NYC,NY,69,88,376700,BROOKLYN,brooklyn,MI,2929,206,197,150,168,171,256,278,402,344,141,378,160,78,1414,1.8,3.9,14.9,6.2,20.9,17.4,12.6,10,12.3,35625,35625
59,10013,229.2901408,363,NYC,NY,1934,11693,3136700,NEW YORK,new york,NY,2300,118,173,164,114,106,321,291,400,158,133,176,95,51,1182,0.4,3.8,23,12.9,21.3,20.6,7.9,5.7,4.4,27000,27000
60,11694,166,5,NYC,NY,5456,6028,813700,ROCKAWAY PARK,rockaway park,NY,2300,118,173,164,114,106,321,291,400,158,133,176,95,51,1182,0.4,3.8,23,12.9,21.3,20.6,7.9,5.7,4.4,27000,27000
61,11001,106.6666667,3,NYC,NY,4998,5524,587700,FLORAL PARK,floral park,NY,2300,118,173,164,114,106,321,291,400,158,133,176,95,51,1182,0.4,3.8,23,12.9,21.3,20.6,7.9,5.7,4.4,27000,27000
62,11426,75.5,4,NYC,NY,6699,7426,593900,BELLEROSE,bellerose,NY,2300,118,173,164,114,106,321,291,400,158,133,176,95,51,1182,0.4,3.8,23,12.9,21.3,20.6,7.9,5.7,4.4,27000,27000
63,11427,52,4,NYC,NY,5742,6333,554900,QUEENS VILLAGE,queens village,NY,2300,118,173,164,114,106,321,291,400,158,133,176,95,51,1182,0.4,3.8,23,12.9,21.3,20.6,7.9,5.7,4.4,27000,27000
64,11426-1175,140,1,NYC,NY,10179,11693,494200,#N/A,#N/A,NY,2300,118,173,164,114,106,321,291,400,158,133,176,95,51,1182,0.4,3.8,23,12.9,21.3,20.6,7.9,5.7,4.4,27000,27000
65,11204,87.4137931,30,NYC,NY,317,355,876800,BROOKLYN,brooklyn,MI,2929,206,197,150,168,171,256,278,402,344,141,378,160,78,1414,1.8,3.9,14.9,6.2,20.9,17.4,12.6,10,12.3,35625,35625
66,11219,63.93617021,47,NYC,NY,327,366,910000,BROOKLYN,brooklyn,MI,2929,206,197,150,168,171,256,278,402,344,141,378,160,78,1414,1.8,3.9,14.9,6.2,20.9,17.4,12.6,10,12.3,35625,35625
67,11223,71.8,10,NYC,NY,216,246,850400,BROOKLYN,brooklyn,MI,2929,206,197,150,168,171,256,278,402,344,141,378,160,78,1414,1.8,3.9,14.9,6.2,20.9,17.4,12.6,10,12.3,35625,35625
68,11236,127.0131579,76,NYC,NY,10179,181,494200,BROOKLYN,brooklyn,MI,2929,206,197,150,168,171,256,278,402,344,141,378,160,78,1414,1.8,3.9,14.9,6.2,20.9,17.4,12.6,10,12.3,35625,35625
69,11234,119.2972973,37,NYC,NY,66,85,563800,BROOKLYN,brooklyn,MI,2929,206,197,150,168,171,256,278,402,344,141,378,160,78,1414,1.8,3.9,14.9,6.2,20.9,17.4,12.6,10,12.3,35625,35625
70,11217,150.3442623,306,NYC,NY,1720,1888,1220100,BROOKLYN,brooklyn,MI,2929,206,197,150,168,171,256,278,402,344,141,378,160,78,1414,1.8,3.9,14.9,6.2,20.9,17.4,12.6,10,12.3,35625,35625
71,11201,160.0479616,419,NYC,NY,39,53,1116300,BROOKLYN,brooklyn,MI,2929,206,197,150,168,171,256,278,402,344,141,378,160,78,1414,1.8,3.9,14.9,6.2,20.9,17.4,12.6,10,12.3,35625,35625
72,11232,92.77165354,129,NYC,NY,5632,6213,627400,BROOKLYN,brooklyn,MI,2929,206,197,150,168,171,256,278,402,344,141,378,160,78,1414,1.8,3.9,14.9,6.2,20.9,17.4,12.6,10,12.3,35625,35625
73,11218,123.1517857,114,NYC,NY,10179,267,494200,BROOKLYN,brooklyn,MI,2929,206,197,150,168,171,256,278,402,344,141,378,160,78,1414,1.8,3.9,14.9,6.2,20.9,17.4,12.6,10,12.3,35625,35625
74,11210,84.25,96,NYC,NY,630,695,757400,BROOKLYN,brooklyn,MI,2929,206,197,150,168,171,256,278,402,344,141,378,160,78,1414,1.8,3.9,14.9,6.2,20.9,17.4,12.6,10,12.3,35625,35625
75,11435,60.68181818,23,NYC,NY,1386,1530,437700,JAMAICA,jamaica,NY,2300,118,173,164,114,106,321,291,400,158,133,176,95,51,1182,0.4,3.8,23,12.9,21.3,20.6,7.9,5.7,4.4,27000,27000
76,11432,107.8095238,22,NYC,NY,1041,1153,689200,JAMAICA,jamaica,NY,2300,118,173,164,114,106,321,291,400,158,133,176,95,51,1182,0.4,3.8,23,12.9,21.3,20.6,7.9,5.7,4.4,27000,27000
77,11235,103.2788462,106,NYC,NY,10179,17,494200,BROOKLYN,brooklyn,MI,2929,206,197,150,168,171,256,278,402,344,141,378,160,78,1414,1.8,3.9,14.9,6.2,20.9,17.4,12.6,10,12.3,35625,35625
78,11224,91.39285714,29,NYC,NY,725,798,499600,BROOKLYN,brooklyn,MI,2929,206,197,150,168,171,256,278,402,344,141,378,160,78,1414,1.8,3.9,14.9,6.2,20.9,17.4,12.6,10,12.3,35625,35625
79,11225,94.7841484,593,NYC,NY,345,385,942200,BROOKLYN,brooklyn,MI,2929,206,197,150,168,171,256,278,402,344,141,378,160,78,1414,1.8,3.9,14.9,6.2,20.9,17.4,12.6,10,12.3,35625,35625
80,11203,96.0483871,124,NYC,NY,366,409,484700,BROOKLYN,brooklyn,MI,2929,206,197,150,168,171,256,278,402,344,141,378,160,78,1414,1.8,3.9,14.9,6.2,20.9,17.4,12.6,10,12.3,35625,35625
81,11231,169.01,303,NYC,NY,2018,2214,1266500,BROOKLYN,brooklyn,MI,2929,206,197,150,168,171,256,278,402,344,141,378,160,78,1414,1.8,3.9,14.9,6.2,20.9,17.4,12.6,10,12.3,35625,35625
82,10451,89.21276596,47,NYC,NY,10179,710,494200,BRONX,bronx,NY,2300,118,173,164,114,106,321,291,400,158,133,176,95,51,1182,0.4,3.8,23,12.9,21.3,20.6,7.9,5.7,4.4,27000,27000
83,10455,80.0625,32,NYC,NY,10179,11693,494200,BRONX,bronx,NY,2300,118,173,164,114,106,321,291,400,158,133,176,95,51,1182,0.4,3.8,23,12.9,21.3,20.6,7.9,5.7,4.4,27000,27000
84,10454,74.95833333,48,NYC,NY,10179,11693,494200,BRONX,bronx,NY,2300,118,173,164,114,106,321,291,400,158,133,176,95,51,1182,0.4,3.8,23,12.9,21.3,20.6,7.9,5.7,4.4,27000,27000
85,11212,82.38596491,57,NYC,NY,41,55,399400,BROOKLYN,brooklyn,MI,2929,206,197,150,168,171,256,278,402,344,141,378,160,78,1414,1.8,3.9,14.9,6.2,20.9,17.4,12.6,10,12.3,35625,35625
86,11249,158.4957265,704,NYC,NY,2225,2442,1131500,BROOKLYN,brooklyn,MI,2929,206,197,150,168,171,256,278,402,344,141,378,160,78,1414,1.8,3.9,14.9,6.2,20.9,17.4,12.6,10,12.3,35625,35625
87,11385,76.68458781,279,NYC,NY,121,144,644100,RIDGEWOOD,ridgewood,NY,2300,118,173,164,114,106,321,291,400,158,133,176,95,51,1182,0.4,3.8,23,12.9,21.3,20.6,7.9,5.7,4.4,27000,27000
88,10026,105.4473684,38,NYC,NY,1627,1783,1087700,NEW YORK,new york,NY,2300,118,173,164,114,106,321,291,400,158,133,176,95,51,1182,0.4,3.8,23,12.9,21.3,20.6,7.9,5.7,4.4,27000,27000
89,11411,67.33333333,9,NYC,NY,6655,7370,457300,CAMBRIA HEIGHTS,cambria heights,NY,2300,118,173,164,114,106,321,291,400,158,133,176,95,51,1182,0.4,3.8,23,12.9,21.3,20.6,7.9,5.7,4.4,27000,27000
90,11413,73.14285714,28,NYC,NY,3704,4070,455400,SPRINGFIELD GARDENS,springfield gardens,NY,2300,118,173,164,114,106,321,291,400,158,133,176,95,51,1182,0.4,3.8,23,12.9,21.3,20.6,7.9,5.7,4.4,27000,27000
91,11429,65.52173913,23,NYC,NY,6470,7162,463400,QUEENS VILLAGE,queens village,NY,2300,118,173,164,114,106,321,291,400,158,133,176,95,51,1182,0.4,3.8,23,12.9,21.3,20.6,7.9,5.7,4.4,27000,27000
92,11412,111.1290323,31,NYC,NY,4270,4706,454800,SAINT ALBANS,saint albans,NY,2300,118,173,164,114,106,321,291,400,158,133,176,95,51,1182,0.4,3.8,23,12.9,21.3,20.6,7.9,5.7,4.4,27000,27000
93,10002,158.3579545,1241,NYC,NY,10179,6,494200,NEW YORK,new york,NY,2300,118,173,164,114,106,321,291,400,158,133,176,95,51,1182,0.4,3.8,23,12.9,21.3,20.6,7.9,5.7,4.4,27000,27000
94,10038,173.2880435,186,NYC,NY,3430,3764,1152500,NEW YORK,new york,NY,2300,118,173,164,114,106,321,291,400,158,133,176,95,51,1182,0.4,3.8,23,12.9,21.3,20.6,7.9,5.7,4.4,27000,27000
95,10065,187.2311111,229,NYC,NY,10179,1339,494200,NEW YORK,new york,NY,2300,118,173,164,114,106,321,291,400,158,133,176,95,51,1182,0.4,3.8,23,12.9,21.3,20.6,7.9,5.7,4.4,27000,27000
96,11374,89.65714286,70,NYC,NY,10179,652,494200,REGO PARK,rego park,NY,2300,118,173,164,114,106,321,291,400,158,133,176,95,51,1182,0.4,3.8,23,12.9,21.3,20.6,7.9,5.7,4.4,27000,27000
97,11215,145.3088023,693,NYC,NY,88,110,1205200,BROOKLYN,brooklyn,MI,2929,206,197,150,168,171,256,278,402,344,141,378,160,78,1414,1.8,3.9,14.9,6.2,20.9,17.4,12.6,10,12.3,35625,35625
98,10301,104.257732,98,NYC,NY,2020,2216,505600,STATEN ISLAND,staten island,NY,2300,118,173,164,114,106,321,291,400,158,133,176,95,51,1182,0.4,3.8,23,12.9,21.3,20.6,7.9,5.7,4.4,27000,27000
99,10314,109.1428571,14,NYC,NY,85,107,493300,STATEN ISLAND,staten island,NY,2300,118,173,164,114,106,321,291,400,158,133,176,95,51,1182,0.4,3.8,23,12.9,21.3,20.6,7.9,5.7,4.4,27000,27000
100,10011,214.5494792,771,NYC,NY,10179,26,494200,NEW YORK,new york,NY,2300,118,173,164,114,106,321,291,400,158,133,176,95,51,1182,0.4,3.8,23,12.9,21.3,20.6,7.9,5.7,4.4,27000,27000
101,10001,210.4129353,408,NYC,NY,10179,2327,494200,NEW YORK,new york,NY,2300,118,173,164,114,106,321,291,400,158,133,176,95,51,1182,0.4,3.8,23,12.9,21.3,20.6,7.9,5.7,4.4,27000,27000
102,10010,295.8913043,94,NYC,NY,10179,834,494200,NEW YORK,new york,NY,2300,118,173,164,114,106,321,291,400,158,133,176,95,51,1182,0.4,3.8,23,12.9,21.3,20.6,7.9,5.7,4.4,27000,27000
103,10014,221.887656,729,NYC,NY,434,486,1664400,NEW YORK,new york,NY,2300,118,173,164,114,106,321,291,400,158,133,176,95,51,1182,0.4,3.8,23,12.9,21.3,20.6,7.9,5.7,4.4,27000,27000
104,10018,225.8636364,70,NYC,NY,10179,11693,494200,NEW YORK,new york,NY,2300,118,173,164,114,106,321,291,400,158,133,176,95,51,1182,0.4,3.8,23,12.9,21.3,20.6,7.9,5.7,4.4,27000,27000
105,10119,NA,1,NYC,NY,10179,11693,494200,NEW YORK,new york,NY,2300,118,173,164,114,106,321,291,400,158,133,176,95,51,1182,0.4,3.8,23,12.9,21.3,20.6,7.9,5.7,4.4,27000,27000
106,10036,238.3529412,86,NYC,NY,10179,719,494200,NEW YORK,new york,NY,2300,118,173,164,114,106,321,291,400,158,133,176,95,51,1182,0.4,3.8,23,12.9,21.3,20.6,7.9,5.7,4.4,27000,27000
107,10029,115.1888412,700,NYC,NY,10179,24,494200,NEW YORK,new york,NY,2300,118,173,164,114,106,321,291,400,158,133,176,95,51,1182,0.4,3.8,23,12.9,21.3,20.6,7.9,5.7,4.4,27000,27000
108,10016,211.0795848,290,NYC,NY,11,16,1061200,NEW YORK,new york,NY,2300,118,173,164,114,106,321,291,400,158,133,176,95,51,1182,0.4,3.8,23,12.9,21.3,20.6,7.9,5.7,4.4,27000,27000
109,10007,349.0333333,32,NYC,NY,8660,11693,2709700,NEW YORK,new york,NY,2300,118,173,164,114,106,321,291,400,158,133,176,95,51,1182,0.4,3.8,23,12.9,21.3,20.6,7.9,5.7,4.4,27000,27000
110,10456,102.8571429,28,NYC,NY,25,37,341300,BRONX,bronx,NY,2300,118,173,164,114,106,321,291,400,158,133,176,95,51,1182,0.4,3.8,23,12.9,21.3,20.6,7.9,5.7,4.4,27000,27000
111,10304,76.75,36,NYC,NY,2177,2391,497200,STATEN ISLAND,staten island,NY,2300,118,173,164,114,106,321,291,400,158,133,176,95,51,1182,0.4,3.8,23,12.9,21.3,20.6,7.9,5.7,4.4,27000,27000
112,10475,94.28571429,14,NYC,NY,10179,11693,494200,BRONX,bronx,NY,2300,118,173,164,114,106,321,291,400,158,133,176,95,51,1182,0.4,3.8,23,12.9,21.3,20.6,7.9,5.7,4.4,27000,27000
113,10452,65.95,20,NYC,NY,10179,11693,494200,BRONX,bronx,NY,2300,118,173,164,114,106,321,291,400,158,133,176,95,51,1182,0.4,3.8,23,12.9,21.3,20.6,7.9,5.7,4.4,27000,27000
114,11368,62.94117647,68,NYC,NY,352,394,457800,CORONA,corona,NY,2300,118,173,164,114,106,321,291,400,158,133,176,95,51,1182,0.4,3.8,23,12.9,21.3,20.6,7.9,5.7,4.4,27000,27000
115,10465,92.4,10,NYC,NY,10179,2806,494200,BRONX,bronx,NY,2300,118,173,164,114,106,321,291,400,158,133,176,95,51,1182,0.4,3.8,23,12.9,21.3,20.6,7.9,5.7,4.4,27000,27000
116,10453,51.5862069,29,NYC,NY,10179,11693,494200,BRONX,bronx,NY,2300,118,173,164,114,106,321,291,400,158,133,176,95,51,1182,0.4,3.8,23,12.9,21.3,20.6,7.9,5.7,4.4,27000,27000
117,11208,85.2125,80,NYC,NY,268,303,454200,BROOKLYN,brooklyn,MI,2929,206,197,150,168,171,256,278,402,344,141,378,160,78,1414,1.8,3.9,14.9,6.2,20.9,17.4,12.6,10,12.3,35625,35625
118,11362,100,1,NYC,NY,6599,7305,802300,LITTLE NECK,little neck,NY,2300,118,173,164,114,106,321,291,400,158,133,176,95,51,1182,0.4,3.8,23,12.9,21.3,20.6,7.9,5.7,4.4,27000,27000
119,11363,68,1,NYC,NY,9200,10470,947000,LITTLE NECK,little neck,NY,2300,118,173,164,114,106,321,291,400,158,133,176,95,51,1182,0.4,3.8,23,12.9,21.3,20.6,7.9,5.7,4.4,27000,27000
120,11369,88.03846154,53,NYC,NY,5328,5892,648600,EAST ELMHURST,east elmhurst,NY,2300,118,173,164,114,106,321,291,400,158,133,176,95,51,1182,0.4,3.8,23,12.9,21.3,20.6,7.9,5.7,4.4,27000,27000
121,11372,59,6,NYC,NY,10179,224,494200,JACKSON HEIGHTS,jackson heights,NY,2300,118,173,164,114,106,321,291,400,158,133,176,95,51,1182,0.4,3.8,23,12.9,21.3,20.6,7.9,5.7,4.4,27000,27000
122,10129,72.4,5,NYC,NY,10179,11693,494200,NEW YORK,new york,NY,2300,118,173,164,114,106,321,291,400,158,133,176,95,51,1182,0.4,3.8,23,12.9,21.3,20.6,7.9,5.7,4.4,27000,27000
123,10035,115.8648649,259,NYC,NY,1917,2100,861900,NEW YORK,new york,NY,2300,118,173,164,114,106,321,291,400,158,133,176,95,51,1182,0.4,3.8,23,12.9,21.3,20.6,7.9,5.7,4.4,27000,27000
124,10037,115.4047619,42,NYC,NY,10179,11693,494200,NEW YORK,new york,NY,2300,118,173,164,114,106,321,291,400,158,133,176,95,51,1182,0.4,3.8,23,12.9,21.3,20.6,7.9,5.7,4.4,27000,27000
125,10027,94.77981651,218,NYC,NY,10179,208,494200,NEW YORK,new york,NY,2300,118,173,164,114,106,321,291,400,158,133,176,95,51,1182,0.4,3.8,23,12.9,21.3,20.6,7.9,5.7,4.4,27000,27000
126,10128,155.5195402,438,NYC,NY,18,25,1318300,NEW YORK,new york,NY,2300,118,173,164,114,106,321,291,400,158,133,176,95,51,1182,0.4,3.8,23,12.9,21.3,20.6,7.9,5.7,4.4,27000,27000
127,10025,142.5583424,924,NYC,NY,1,1,1247000,NEW YORK,new york,NY,2300,118,173,164,114,106,321,291,400,158,133,176,95,51,1182,0.4,3.8,23,12.9,21.3,20.6,7.9,5.7,4.4,27000,27000
128,10030,76,4,NYC,NY,10179,3274,494200,NEW YORK,new york,NY,2300,118,173,164,114,106,321,291,400,158,133,176,95,51,1182,0.4,3.8,23,12.9,21.3,20.6,7.9,5.7,4.4,27000,27000
129,10028,153.46875,355,NYC,NY,10179,157,494200,NEW YORK,new york,NY,2300,118,173,164,114,106,321,291,400,158,133,176,95,51,1182,0.4,3.8,23,12.9,21.3,20.6,7.9,5.7,4.4,27000,27000
130,10019,245.6906475,285,NYC,NY,10179,91,494200,NEW YORK,new york,NY,2300,118,173,164,114,106,321,291,400,158,133,176,95,51,1182,0.4,3.8,23,12.9,21.3,20.6,7.9,5.7,4.4,27000,27000
131,10459,69.9,10,NYC,NY,1248,1385,348700,BRONX,bronx,NY,2300,118,173,164,114,106,321,291,400,158,133,176,95,51,1182,0.4,3.8,23,12.9,21.3,20.6,7.9,5.7,4.4,27000,27000
132,10308,82.5,2,NYC,NY,4771,5257,499800,STATEN ISLAND,staten island,NY,2300,118,173,164,114,106,321,291,400,158,133,176,95,51,1182,0.4,3.8,23,12.9,21.3,20.6,7.9,5.7,4.4,27000,27000
133,11373,76.512,125,NYC,NY,120,143,475300,ELMHURST,elmhurst,NY,2300,118,173,164,114,106,321,291,400,158,133,176,95,51,1182,0.4,3.8,23,12.9,21.3,20.6,7.9,5.7,4.4,27000,27000
134,11379,76.43478261,23,NYC,NY,3480,3825,726200,MIDDLE VILLAGE,middle village,NY,2300,118,173,164,114,106,321,291,400,158,133,176,95,51,1182,0.4,3.8,23,12.9,21.3,20.6,7.9,5.7,4.4,27000,27000
135,10471,147.75,12,NYC,NY,10179,4848,494200,BRONX,bronx,NY,2300,118,173,164,114,106,321,291,400,158,133,176,95,51,1182,0.4,3.8,23,12.9,21.3,20.6,7.9,5.7,4.4,27000,27000
136,10463,102.2162162,37,NYC,NY,33,47,493400,BRONX,bronx,NY,2300,118,173,164,114,106,321,291,400,158,133,176,95,51,1182,0.4,3.8,23,12.9,21.3,20.6,7.9,5.7,4.4,27000,27000
137,11239,90,1,NYC,NY,10179,11693,494200,BROOKLYN,brooklyn,MI,2929,206,197,150,168,171,256,278,402,344,141,378,160,78,1414,1.8,3.9,14.9,6.2,20.9,17.4,12.6,10,12.3,35625,35625
138,10009,160.8631579,1143,NYC,NY,10179,22,494200,NEW YORK,new york,NY,2300,118,173,164,114,106,321,291,400,158,133,176,95,51,1182,0.4,3.8,23,12.9,21.3,20.6,7.9,5.7,4.4,27000,27000
139,10003-8623,215,1,NYC,NY,10179,11693,494200,#N/A,#N/A,NY,2300,118,173,164,114,106,321,291,400,158,133,176,95,51,1182,0.4,3.8,23,12.9,21.3,20.6,7.9,5.7,4.4,27000,27000
140,10466,96.9047619,21,NYC,NY,10179,606,494200,BRONX,bronx,NY,2300,118,173,164,114,106,321,291,400,158,133,176,95,51,1182,0.4,3.8,23,12.9,21.3,20.6,7.9,5.7,4.4,27000,27000
141,11423,750,1,NYC,NY,5216,5763,524200,HOLLIS,hollis,NY,2300,118,173,164,114,106,321,291,400,158,133,176,95,51,1182,0.4,3.8,23,12.9,21.3,20.6,7.9,5.7,4.4,27000,27000
142,10279,480,1,NYC,NY,10179,11693,494200,NEW YORK,new york,NY,2300,118,173,164,114,106,321,291,400,158,133,176,95,51,1182,0.4,3.8,23,12.9,21.3,20.6,7.9,5.7,4.4,27000,27000
143,10270,524.5,6,NYC,NY,10179,11693,494200,NEW YORK,new york,NY,2300,118,173,164,114,106,321,291,400,158,133,176,95,51,1182,0.4,3.8,23,12.9,21.3,20.6,7.9,5.7,4.4,27000,27000
144,10080,225,1,NYC,NY,10179,11693,494200,NEW YORK,new york,NY,2300,118,173,164,114,106,321,291,400,158,133,176,95,51,1182,0.4,3.8,23,12.9,21.3,20.6,7.9,5.7,4.4,27000,27000
145,10034,350,1,NYC,NY,10179,11693,494200,NEW YORK,new york,NY,2300,118,173,164,114,106,321,291,400,158,133,176,95,51,1182,0.4,3.8,23,12.9,21.3,20.6,7.9,5.7,4.4,27000,27000
146,10281,150,1,NYC,NY,10179,11693,494200,NEW YORK,new york,NY,2300,118,173,164,114,106,321,291,400,158,133,176,95,51,1182,0.4,3.8,23,12.9,21.3,20.6,7.9,5.7,4.4,27000,27000
147,11230,112.1171171,111,NYC,NY,37,51,845200,BROOKLYN,brooklyn,MI,2929,206,197,150,168,171,256,278,402,344,141,378,160,78,1414,1.8,3.9,14.9,6.2,20.9,17.4,12.6,10,12.3,35625,35625
148,11422,73.75862069,29,NYC,NY,5461,6033,456400,ROSEDALE,rosedale,NY,2300,118,173,164,114,106,321,291,400,158,133,176,95,51,1182,0.4,3.8,23,12.9,21.3,20.6,7.9,5.7,4.4,27000,27000
149,11355,77.25806452,31,NYC,NY,10179,100,494200,FLUSHING,flushing,NY,2300,118,173,164,114,106,321,291,400,158,133,176,95,51,1182,0.4,3.8,23,12.9,21.3,20.6,7.9,5.7,4.4,27000,27000
150,11367,69,7,NYC,NY,1787,1960,633900,FLUSHING,flushing,NY,2300,118,173,164,114,106,321,291,400,158,133,176,95,51,1182,0.4,3.8,23,12.9,21.3,20.6,7.9,5.7,4.4,27000,27000
151,11354,81.15384615,26,NYC,NY,10179,636,494200,FLUSHING,flushing,NY,2300,118,173,164,114,106,321,291,400,158,133,176,95,51,1182,0.4,3.8,23,12.9,21.3,20.6,7.9,5.7,4.4,27000,27000
152,11358,103.4444444,9,NYC,NY,10179,3234,494200,FLUSHING,flushing,NY,2300,118,173,164,114,106,321,291,400,158,133,176,95,51,1182,0.4,3.8,23,12.9,21.3,20.6,7.9,5.7,4.4,27000,27000
153,11365,47.5,2,NYC,NY,1730,1899,820000,FRESH MEADOWS,fresh meadows,NY,2300,118,173,164,114,106,321,291,400,158,133,176,95,51,1182,0.4,3.8,23,12.9,21.3,20.6,7.9,5.7,4.4,27000,27000
154,11366,104.5,2,NYC,NY,7749,8663,848700,FRESH MEADOWS,fresh meadows,NY,2300,118,173,164,114,106,321,291,400,158,133,176,95,51,1182,0.4,3.8,23,12.9,21.3,20.6,7.9,5.7,4.4,27000,27000
155,11355,69.86666667,75,NYC,NY,10179,11693,494200,FLUSHING,flushing,NY,2300,118,173,164,114,106,321,291,400,158,133,176,95,51,1182,0.4,3.8,23,12.9,21.3,20.6,7.9,5.7,4.4,27000,27000
156,11354,74.5,39,NYC,NY,10179,11693,494200,FLUSHING,flushing,NY,2300,118,173,164,114,106,321,291,400,158,133,176,95,51,1182,0.4,3.8,23,12.9,21.3,20.6,7.9,5.7,4.4,27000,27000
157,11365,142.3333333,24,NYC,NY,10179,11693,494200,FRESH MEADOWS,fresh meadows,NY,2300,118,173,164,114,106,321,291,400,158,133,176,95,51,1182,0.4,3.8,23,12.9,21.3,20.6,7.9,5.7,4.4,27000,27000
158,11358,149.1538462,26,NYC,NY,10179,11693,494200,FLUSHING,flushing,NY,2300,118,173,164,114,106,321,291,400,158,133,176,95,51,1182,0.4,3.8,23,12.9,21.3,20.6,7.9,5.7,4.4,27000,27000
159,11367,94.88,25,NYC,NY,10179,11693,494200,FLUSHING,flushing,NY,2300,118,173,164,114,106,321,291,400,158,133,176,95,51,1182,0.4,3.8,23,12.9,21.3,20.6,7.9,5.7,4.4,27000,27000
160,11366,142.25,4,NYC,NY,10179,11693,494200,FRESH MEADOWS,fresh meadows,NY,2300,118,173,164,114,106,321,291,400,158,133,176,95,51,1182,0.4,3.8,23,12.9,21.3,20.6,7.9,5.7,4.4,27000,27000
161,11435,77.33333333,15,NYC,NY,10179,11693,494200,JAMAICA,jamaica,NY,2300,118,173,164,114,106,321,291,400,158,133,176,95,51,1182,0.4,3.8,23,12.9,21.3,20.6,7.9,5.7,4.4,27000,27000
162,11361,105,1,NYC,NY,10179,11693,494200,BAYSIDE,bayside,NY,2300,118,173,164,114,106,321,291,400,158,133,176,95,51,1182,0.4,3.8,23,12.9,21.3,20.6,7.9,5.7,4.4,27000,27000
163,11217,157.2186047,215,NYC,NY,10179,11693,494200,BROOKLYN,brooklyn,MI,2929,206,197,150,168,171,256,278,402,344,141,378,160,78,1414,1.8,3.9,14.9,6.2,20.9,17.4,12.6,10,12.3,35625,35625
164,11231,211,24,NYC,NY,10179,11693,494200,BROOKLYN,brooklyn,MI,2929,206,197,150,168,171,256,278,402,344,141,378,160,78,1414,1.8,3.9,14.9,6.2,20.9,17.4,12.6,10,12.3,35625,35625
165,11215,131.6049383,81,NYC,NY,10179,11693,494200,BROOKLYN,brooklyn,MI,2929,206,197,150,168,171,256,278,402,344,141,378,160,78,1414,1.8,3.9,14.9,6.2,20.9,17.4,12.6,10,12.3,35625,35625
166,11201,165.8958333,48,NYC,NY,10179,11693,494200,BROOKLYN,brooklyn,MI,2929,206,197,150,168,171,256,278,402,344,141,378,160,78,1414,1.8,3.9,14.9,6.2,20.9,17.4,12.6,10,12.3,35625,35625
167,11375,102.8235294,85,NYC,NY,10179,11693,494200,FOREST HILLS,forest hills,NY,2300,118,173,164,114,106,321,291,400,158,133,176,95,51,1182,0.4,3.8,23,12.9,21.3,20.6,7.9,5.7,4.4,27000,27000
168,11374,83.25,4,NYC,NY,10179,11693,494200,REGO PARK,rego park,NY,2300,118,173,164,114,106,321,291,400,158,133,176,95,51,1182,0.4,3.8,23,12.9,21.3,20.6,7.9,5.7,4.4,27000,27000
169,11205,133.259887,177,NYC,NY,10179,11693,494200,BROOKLYN,brooklyn,MI,2929,206,197,150,168,171,256,278,402,344,141,378,160,78,1414,1.8,3.9,14.9,6.2,20.9,17.4,12.6,10,12.3,35625,35625
170,11238,150.3389831,59,NYC,NY,10179,11693,494200,BROOKLYN,brooklyn,MI,2929,206,197,150,168,171,256,278,402,344,141,378,160,78,1414,1.8,3.9,14.9,6.2,20.9,17.4,12.6,10,12.3,35625,35625
171,11209,94.8125,48,NYC,NY,10179,11693,494200,BROOKLYN,brooklyn,MI,2929,206,197,150,168,171,256,278,402,344,141,378,160,78,1414,1.8,3.9,14.9,6.2,20.9,17.4,12.6,10,12.3,35625,35625
172,11220,90,1,NYC,NY,10179,11693,494200,BROOKLYN,brooklyn,MI,2929,206,197,150,168,171,256,278,402,344,141,378,160,78,1414,1.8,3.9,14.9,6.2,20.9,17.4,12.6,10,12.3,35625,35625
173,10010,188.1111111,243,NYC,NY,10179,11693,494200,NEW YORK,new york,NY,2300,118,173,164,114,106,321,291,400,158,133,176,95,51,1182,0.4,3.8,23,12.9,21.3,20.6,7.9,5.7,4.4,27000,27000
174,10003,191.0038462,268,NYC,NY,10179,11693,494200,NEW YORK,new york,NY,2300,118,173,164,114,106,321,291,400,158,133,176,95,51,1182,0.4,3.8,23,12.9,21.3,20.6,7.9,5.7,4.4,27000,27000
175,10001,163.2432432,37,NYC,NY,10179,11693,494200,NEW YORK,new york,NY,2300,118,173,164,114,106,321,291,400,158,133,176,95,51,1182,0.4,3.8,23,12.9,21.3,20.6,7.9,5.7,4.4,27000,27000
176,10009,161,5,NYC,NY,10179,11693,494200,NEW YORK,new york,NY,2300,118,173,164,114,106,321,291,400,158,133,176,95,51,1182,0.4,3.8,23,12.9,21.3,20.6,7.9,5.7,4.4,27000,27000
177,10011,249.7466667,78,NYC,NY,10179,11693,494200,NEW YORK,new york,NY,2300,118,173,164,114,106,321,291,400,158,133,176,95,51,1182,0.4,3.8,23,12.9,21.3,20.6,7.9,5.7,4.4,27000,27000
178,10016,186.8388889,366,NYC,NY,10179,11693,494200,NEW YORK,new york,NY,2300,118,173,164,114,106,321,291,400,158,133,176,95,51,1182,0.4,3.8,23,12.9,21.3,20.6,7.9,5.7,4.4,27000,27000
179,10021,225,1,NYC,NY,10179,11693,494200,NEW YORK,new york,NY,2300,118,173,164,114,106,321,291,400,158,133,176,95,51,1182,0.4,3.8,23,12.9,21.3,20.6,7.9,5.7,4.4,27000,27000
180,10303,143.3333333,3,NYC,NY,10179,11693,494200,STATEN ISLAND,staten island,NY,2300,118,173,164,114,106,321,291,400,158,133,176,95,51,1182,0.4,3.8,23,12.9,21.3,20.6,7.9,5.7,4.4,27000,27000
181,10306,140,2,NYC,NY,10179,11693,494200,STATEN ISLAND,staten island,NY,2300,118,173,164,114,106,321,291,400,158,133,176,95,51,1182,0.4,3.8,23,12.9,21.3,20.6,7.9,5.7,4.4,27000,27000
182,11432,103.5,14,NYC,NY,10179,11693,494200,JAMAICA,jamaica,NY,2300,118,173,164,114,106,321,291,400,158,133,176,95,51,1182,0.4,3.8,23,12.9,21.3,20.6,7.9,5.7,4.4,27000,27000
183,11004,67.5,2,NYC,NY,10179,11693,494200,GLEN OAKS,glen oaks,NY,2300,118,173,164,114,106,321,291,400,158,133,176,95,51,1182,0.4,3.8,23,12.9,21.3,20.6,7.9,5.7,4.4,27000,27000
184,11385,96.07407407,27,NYC,NY,10179,11693,494200,RIDGEWOOD,ridgewood,NY,2300,118,173,164,114,106,321,291,400,158,133,176,95,51,1182,0.4,3.8,23,12.9,21.3,20.6,7.9,5.7,4.4,27000,27000
185,11223,78.96428571,28,NYC,NY,10179,11693,494200,BROOKLYN,brooklyn,MI,2929,206,197,150,168,171,256,278,402,344,141,378,160,78,1414,1.8,3.9,14.9,6.2,20.9,17.4,12.6,10,12.3,35625,35625
186,11214,92.875,8,NYC,NY,10179,11693,494200,BROOKLYN,brooklyn,MI,2929,206,197,150,168,171,256,278,402,344,141,378,160,78,1414,1.8,3.9,14.9,6.2,20.9,17.4,12.6,10,12.3,35625,35625
187,11230,59.6,5,NYC,NY,10179,11693,494200,BROOKLYN,brooklyn,MI,2929,206,197,150,168,171,256,278,402,344,141,378,160,78,1414,1.8,3.9,14.9,6.2,20.9,17.4,12.6,10,12.3,35625,35625
188,11229,55,1,NYC,NY,10179,11693,494200,BROOKLYN,brooklyn,MI,2929,206,197,150,168,171,256,278,402,344,141,378,160,78,1414,1.8,3.9,14.9,6.2,20.9,17.4,12.6,10,12.3,35625,35625
189,11218,91.83846154,131,NYC,NY,10179,11693,494200,BROOKLYN,brooklyn,MI,2929,206,197,150,168,171,256,278,402,344,141,378,160,78,1414,1.8,3.9,14.9,6.2,20.9,17.4,12.6,10,12.3,35625,35625
190,11226,60,1,NYC,NY,10179,11693,494200,BROOKLYN,brooklyn,MI,2929,206,197,150,168,171,256,278,402,344,141,378,160,78,1414,1.8,3.9,14.9,6.2,20.9,17.4,12.6,10,12.3,35625,35625
191,11415,80.04,25,NYC,NY,10179,11693,494200,KEW GARDENS,kew gardens,NY,2300,118,173,164,114,106,321,291,400,158,133,176,95,51,1182,0.4,3.8,23,12.9,21.3,20.6,7.9,5.7,4.4,27000,27000
192,11418,128.75,4,NYC,NY,10179,11693,494200,RICHMOND HILL,richmond hill,NY,2300,118,173,164,114,106,321,291,400,158,133,176,95,51,1182,0.4,3.8,23,12.9,21.3,20.6,7.9,5.7,4.4,27000,27000
193,10308,72,3,NYC,NY,10179,11693,494200,STATEN ISLAND,staten island,NY,2300,118,173,164,114,106,321,291,400,158,133,176,95,51,1182,0.4,3.8,23,12.9,21.3,20.6,7.9,5.7,4.4,27000,27000
194,10312,92,3,NYC,NY,10179,11693,494200,STATEN ISLAND,staten island,NY,2300,118,173,164,114,106,321,291,400,158,133,176,95,51,1182,0.4,3.8,23,12.9,21.3,20.6,7.9,5.7,4.4,27000,27000
195,11222,120.972973,925,NYC,NY,10179,11693,494200,BROOKLYN,brooklyn,MI,2929,206,197,150,168,171,256,278,402,344,141,378,160,78,1414,1.8,3.9,14.9,6.2,20.9,17.4,12.6,10,12.3,35625,35625
196,11211,162.7021277,47,NYC,NY,10179,11693,494200,BROOKLYN,brooklyn,MI,2929,206,197,150,168,171,256,278,402,344,141,378,160,78,1414,1.8,3.9,14.9,6.2,20.9,17.4,12.6,10,12.3,35625,35625
197,10012,199.0794393,215,NYC,NY,10179,11693,494200,NEW YORK,new york,NY,2300,118,173,164,114,106,321,291,400,158,133,176,95,51,1182,0.4,3.8,23,12.9,21.3,20.6,7.9,5.7,4.4,27000,27000
198,10014,187.625,16,NYC,NY,10179,11693,494200,NEW YORK,new york,NY,2300,118,173,164,114,106,321,291,400,158,133,176,95,51,1182,0.4,3.8,23,12.9,21.3,20.6,7.9,5.7,4.4,27000,27000
199,10002,321.8,6,NYC,NY,10179,11693,494200,NEW YORK,new york,NY,2300,118,173,164,114,106,321,291,400,158,133,176,95,51,1182,0.4,3.8,23,12.9,21.3,20.6,7.9,5.7,4.4,27000,27000
200,10013,169.5813953,86,NYC,NY,10179,11693,494200,NEW YORK,new york,NY,2300,118,173,164,114,106,321,291,400,158,133,176,95,51,1182,0.4,3.8,23,12.9,21.3,20.6,7.9,5.7,4.4,27000,27000
201,10304,200,1,NYC,NY,10179,11693,494200,STATEN ISLAND,staten island,NY,2300,118,173,164,114,106,321,291,400,158,133,176,95,51,1182,0.4,3.8,23,12.9,21.3,20.6,7.9,5.7,4.4,27000,27000
202,10301,51,2,NYC,NY,10179,11693,494200,STATEN ISLAND,staten island,NY,2300,118,173,164,114,106,321,291,400,158,133,176,95,51,1182,0.4,3.8,23,12.9,21.3,20.6,7.9,5.7,4.4,27000,27000
203,10031,93.92144638,802,NYC,NY,10179,11693,494200,NEW YORK,new york,NY,2300,118,173,164,114,106,321,291,400,158,133,176,95,51,1182,0.4,3.8,23,12.9,21.3,20.6,7.9,5.7,4.4,27000,27000
204,10035,155,20,NYC,NY,10179,11693,494200,NEW YORK,new york,NY,2300,118,173,164,114,106,321,291,400,158,133,176,95,51,1182,0.4,3.8,23,12.9,21.3,20.6,7.9,5.7,4.4,27000,27000
205,10027,127.980198,611,NYC,NY,10179,11693,494200,NEW YORK,new york,NY,2300,118,173,164,114,106,321,291,400,158,133,176,95,51,1182,0.4,3.8,23,12.9,21.3,20.6,7.9,5.7,4.4,27000,27000
206,10037,121.9043478,115,NYC,NY,10179,11693,494200,NEW YORK,new york,NY,2300,118,173,164,114,106,321,291,400,158,133,176,95,51,1182,0.4,3.8,23,12.9,21.3,20.6,7.9,5.7,4.4,27000,27000
207,10039,84.84615385,156,NYC,NY,10179,11693,494200,NEW YORK,new york,NY,2300,118,173,164,114,106,321,291,400,158,133,176,95,51,1182,0.4,3.8,23,12.9,21.3,20.6,7.9,5.7,4.4,27000,27000
208,10026,130.0023529,426,NYC,NY,10179,11693,494200,NEW YORK,new york,NY,2300,118,173,164,114,106,321,291,400,158,133,176,95,51,1182,0.4,3.8,23,12.9,21.3,20.6,7.9,5.7,4.4,27000,27000
209,10030,104.2760736,328,NYC,NY,10179,11693,494200,NEW YORK,new york,NY,2300,118,173,164,114,106,321,291,400,158,133,176,95,51,1182,0.4,3.8,23,12.9,21.3,20.6,7.9,5.7,4.4,27000,27000
210,10032,85.8,25,NYC,NY,10179,11693,494200,NEW YORK,new york,NY,2300,118,173,164,114,106,321,291,400,158,133,176,95,51,1182,0.4,3.8,23,12.9,21.3,20.6,7.9,5.7,4.4,27000,27000
211,10025,103,3,NYC,NY,10179,11693,494200,NEW YORK,new york,NY,2300,118,173,164,114,106,321,291,400,158,133,176,95,51,1182,0.4,3.8,23,12.9,21.3,20.6,7.9,5.7,4.4,27000,27000
212,10029,354,3,NYC,NY,10179,11693,494200,NEW YORK,new york,NY,2300,118,173,164,114,106,321,291,400,158,133,176,95,51,1182,0.4,3.8,23,12.9,21.3,20.6,7.9,5.7,4.4,27000,27000
213,10033,80,1,NYC,NY,10179,11693,494200,NEW YORK,new york,NY,2300,118,173,164,114,106,321,291,400,158,133,176,95,51,1182,0.4,3.8,23,12.9,21.3,20.6,7.9,5.7,4.4,27000,27000
214,10036,195.3473054,671,NYC,NY,10179,11693,494200,NEW YORK,new york,NY,2300,118,173,164,114,106,321,291,400,158,133,176,95,51,1182,0.4,3.8,23,12.9,21.3,20.6,7.9,5.7,4.4,27000,27000
215,10019,180.5399129,690,NYC,NY,10179,11693,494200,NEW YORK,new york,NY,2300,118,173,164,114,106,321,291,400,158,133,176,95,51,1182,0.4,3.8,23,12.9,21.3,20.6,7.9,5.7,4.4,27000,27000
216,10018,188.7315436,152,NYC,NY,10179,11693,494200,NEW YORK,new york,NY,2300,118,173,164,114,106,321,291,400,158,133,176,95,51,1182,0.4,3.8,23,12.9,21.3,20.6,7.9,5.7,4.4,27000,27000
217,10022,100,1,NYC,NY,10179,11693,494200,NEW YORK,new york,NY,2300,118,173,164,114,106,321,291,400,158,133,176,95,51,1182,0.4,3.8,23,12.9,21.3,20.6,7.9,5.7,4.4,27000,27000
218,10000,200,1,NYC,NY,10179,11693,494200,#N/A,#N/A,NY,2300,118,173,164,114,106,321,291,400,158,133,176,95,51,1182,0.4,3.8,23,12.9,21.3,20.6,7.9,5.7,4.4,27000,27000
219,10024,159,1,NYC,NY,10179,11693,494200,NEW YORK,new york,NY,2300,118,173,164,114,106,321,291,400,158,133,176,95,51,1182,0.4,3.8,23,12.9,21.3,20.6,7.9,5.7,4.4,27000,27000
220,10023,150,1,NYC,NY,10179,11693,494200,NEW YORK,new york,NY,2300,118,173,164,114,106,321,291,400,158,133,176,95,51,1182,0.4,3.8,23,12.9,21.3,20.6,7.9,5.7,4.4,27000,27000
221,10452,68.17647059,17,NYC,NY,10179,11693,494200,BRONX,bronx,NY,2300,118,173,164,114,106,321,291,400,158,133,176,95,51,1182,0.4,3.8,23,12.9,21.3,20.6,7.9,5.7,4.4,27000,27000
222,10456,49.16666667,6,NYC,NY,10179,11693,494200,BRONX,bronx,NY,2300,118,173,164,114,106,321,291,400,158,133,176,95,51,1182,0.4,3.8,23,12.9,21.3,20.6,7.9,5.7,4.4,27000,27000
223,10040,90.15,80,NYC,NY,10179,11693,494200,NEW YORK,new york,NY,2300,118,173,164,114,106,321,291,400,158,133,176,95,51,1182,0.4,3.8,23,12.9,21.3,20.6,7.9,5.7,4.4,27000,27000
224,11412,65,1,NYC,NY,10179,11693,494200,SAINT ALBANS,saint albans,NY,2300,118,173,164,114,106,321,291,400,158,133,176,95,51,1182,0.4,3.8,23,12.9,21.3,20.6,7.9,5.7,4.4,27000,27000
225,11423,79,14,NYC,NY,10179,11693,494200,HOLLIS,hollis,NY,2300,118,173,164,114,106,321,291,400,158,133,176,95,51,1182,0.4,3.8,23,12.9,21.3,20.6,7.9,5.7,4.4,27000,27000
226,11427,92.5,2,NYC,NY,10179,11693,494200,QUEENS VILLAGE,queens village,NY,2300,118,173,164,114,106,321,291,400,158,133,176,95,51,1182,0.4,3.8,23,12.9,21.3,20.6,7.9,5.7,4.4,27000,27000
227,11364,450,1,NYC,NY,10179,11693,494200,OAKLAND GARDENS,oakland gardens,NY,2300,118,173,164,114,106,321,291,400,158,133,176,95,51,1182,0.4,3.8,23,12.9,21.3,20.6,7.9,5.7,4.4,27000,27000
228,11414,98.375,8,NYC,NY,10179,11693,494200,HOWARD BEACH,howard beach,NY,2300,118,173,164,114,106,321,291,400,158,133,176,95,51,1182,0.4,3.8,23,12.9,21.3,20.6,7.9,5.7,4.4,27000,27000
229,11417,100,1,NYC,NY,10179,11693,494200,OZONE PARK,ozone park,NY,2300,118,173,164,114,106,321,291,400,158,133,176,95,51,1182,0.4,3.8,23,12.9,21.3,20.6,7.9,5.7,4.4,27000,27000
230,10474,52.25,4,NYC,NY,10179,11693,494200,BRONX,bronx,NY,2300,118,173,164,114,106,321,291,400,158,133,176,95,51,1182,0.4,3.8,23,12.9,21.3,20.6,7.9,5.7,4.4,27000,27000
231,10034,84.0472973,148,NYC,NY,10179,11693,494200,NEW YORK,new york,NY,2300,118,173,164,114,106,321,291,400,158,133,176,95,51,1182,0.4,3.8,23,12.9,21.3,20.6,7.9,5.7,4.4,27000,27000
232,11372,85.77165354,127,NYC,NY,10179,11693,494200,JACKSON HEIGHTS,jackson heights,NY,2300,118,173,164,114,106,321,291,400,158,133,176,95,51,1182,0.4,3.8,23,12.9,21.3,20.6,7.9,5.7,4.4,27000,27000
233,11368,58,19,NYC,NY,10179,11693,494200,CORONA,corona,NY,2300,118,173,164,114,106,321,291,400,158,133,176,95,51,1182,0.4,3.8,23,12.9,21.3,20.6,7.9,5.7,4.4,27000,27000
234,11373,57,2,NYC,NY,10179,11693,494200,ELMHURST,elmhurst,NY,2300,118,173,164,114,106,321,291,400,158,133,176,95,51,1182,0.4,3.8,23,12.9,21.3,20.6,7.9,5.7,4.4,27000,27000
235,11370,51.5,2,NYC,NY,10179,11693,494200,EAST ELMHURST,east elmhurst,NY,2300,118,173,164,114,106,321,291,400,158,133,176,95,51,1182,0.4,3.8,23,12.9,21.3,20.6,7.9,5.7,4.4,27000,27000
236,11369,62.5,2,NYC,NY,10179,11693,494200,EAST ELMHURST,east elmhurst,NY,2300,118,173,164,114,106,321,291,400,158,133,176,95,51,1182,0.4,3.8,23,12.9,21.3,20.6,7.9,5.7,4.4,27000,27000
237,11434,77.21666667,60,NYC,NY,10179,11693,494200,JAMAICA,jamaica,NY,2300,118,173,164,114,106,321,291,400,158,133,176,95,51,1182,0.4,3.8,23,12.9,21.3,20.6,7.9,5.7,4.4,27000,27000
238,11436,72.16666667,6,NYC,NY,10179,11693,494200,JAMAICA,jamaica,NY,2300,118,173,164,114,106,321,291,400,158,133,176,95,51,1182,0.4,3.8,23,12.9,21.3,20.6,7.9,5.7,4.4,27000,27000
239,11413,45,1,NYC,NY,10179,11693,494200,SPRINGFIELD GARDENS,springfield gardens,NY,2300,118,173,164,114,106,321,291,400,158,133,176,95,51,1182,0.4,3.8,23,12.9,21.3,20.6,7.9,5.7,4.4,27000,27000
240,11433,77.875,8,NYC,NY,10179,11693,494200,JAMAICA,jamaica,NY,2300,118,173,164,114,106,321,291,400,158,133,176,95,51,1182,0.4,3.8,23,12.9,21.3,20.6,7.9,5.7,4.4,27000,27000
241,11420,60,1,NYC,NY,10179,11693,494200,SOUTH OZONE PARK,south ozone park,NY,2300,118,173,164,114,106,321,291,400,158,133,176,95,51,1182,0.4,3.8,23,12.9,21.3,20.6,7.9,5.7,4.4,27000,27000
242,10461,60,2,NYC,NY,10179,11693,494200,BRONX,bronx,NY,2300,118,173,164,114,106,321,291,400,158,133,176,95,51,1182,0.4,3.8,23,12.9,21.3,20.6,7.9,5.7,4.4,27000,27000
243,10463,93.90322581,31,NYC,NY,10179,11693,494200,BRONX,bronx,NY,2300,118,173,164,114,106,321,291,400,158,133,176,95,51,1182,0.4,3.8,23,12.9,21.3,20.6,7.9,5.7,4.4,27000,27000
244,10468,66.45454545,11,NYC,NY,10179,11693,494200,BRONX,bronx,NY,2300,118,173,164,114,106,321,291,400,158,133,176,95,51,1182,0.4,3.8,23,12.9,21.3,20.6,7.9,5.7,4.4,27000,27000
245,10471,100,1,NYC,NY,10179,11693,494200,BRONX,bronx,NY,2300,118,173,164,114,106,321,291,400,158,133,176,95,51,1182,0.4,3.8,23,12.9,21.3,20.6,7.9,5.7,4.4,27000,27000
246,11362,41.66666667,3,NYC,NY,10179,11693,494200,LITTLE NECK,little neck,NY,2300,118,173,164,114,106,321,291,400,158,133,176,95,51,1182,0.4,3.8,23,12.9,21.3,20.6,7.9,5.7,4.4,27000,27000
247,10459,70,1,NYC,NY,10179,11693,494200,BRONX,bronx,NY,2300,118,173,164,114,106,321,291,400,158,133,176,95,51,1182,0.4,3.8,23,12.9,21.3,20.6,7.9,5.7,4.4,27000,27000
248,10451,165,3,NYC,NY,10179,11693,494200,BRONX,bronx,NY,2300,118,173,164,114,106,321,291,400,158,133,176,95,51,1182,0.4,3.8,23,12.9,21.3,20.6,7.9,5.7,4.4,27000,27000
249,10017,144,1,NYC,NY,10179,11693,494200,NEW YORK,new york,NY,2300,118,173,164,114,106,321,291,400,158,133,176,95,51,1182,0.4,3.8,23,12.9,21.3,20.6,7.9,5.7,4.4,27000,27000
250,10017,258.907767,207,NYC,NY,3261,3585,959500,NEW YORK,new york,NY,2300,118,173,164,114,106,321,291,400,158,133,176,95,51,1182,0.4,3.8,23,12.9,21.3,20.6,7.9,5.7,4.4,27000,27000
251,10022,207.9754386,288,NYC,NY,10179,1102,494200,NEW YORK,new york,NY,2300,118,173,164,114,106,321,291,400,158,133,176,95,51,1182,0.4,3.8,23,12.9,21.3,20.6,7.9,5.7,4.4,27000,27000
252,11104,99.13483146,178,NYC,NY,10179,3224,494200,SUNNYSIDE,sunnyside,WA,18096,2530,1839,1532,1688,1604,2666,1845,1586,679,647,787,441,252,8230,2.4,7.3,34.1,24.9,13.1,8.4,1.2,2.3,6.3,17892,17892
253,11109,193.28,25,NYC,NY,10179,8686,494200,LONG ISLAND CITY,long island city,NY,2300,118,173,164,114,106,321,291,400,158,133,176,95,51,1182,0.4,3.8,23,12.9,21.3,20.6,7.9,5.7,4.4,27000,27000
254,10021,161.0285714,284,NYC,NY,10179,254,494200,NEW YORK,new york,NY,2300,118,173,164,114,106,321,291,400,158,133,176,95,51,1182,0.4,3.8,23,12.9,21.3,20.6,7.9,5.7,4.4,27000,27000
255,10002-2289,85,1,NYC,NY,10179,11693,494200,#N/A,#N/A,NY,2300,118,173,164,114,106,321,291,400,158,133,176,95,51,1182,0.4,3.8,23,12.9,21.3,20.6,7.9,5.7,4.4,27000,27000
256,10023,207.1656184,478,NYC,NY,10179,3,494200,NEW YORK,new york,NY,2300,118,173,164,114,106,321,291,400,158,133,176,95,51,1182,0.4,3.8,23,12.9,21.3,20.6,7.9,5.7,4.4,27000,27000
257,10106,288.5,2,NYC,NY,10179,11693,494200,NEW YORK,new york,NY,2300,118,173,164,114,106,321,291,400,158,133,176,95,51,1182,0.4,3.8,23,12.9,21.3,20.6,7.9,5.7,4.4,27000,27000
258,10118,145,1,NYC,NY,10179,11693,494200,NEW YORK,new york,NY,2300,118,173,164,114,106,321,291,400,158,133,176,95,51,1182,0.4,3.8,23,12.9,21.3,20.6,7.9,5.7,4.4,27000,27000
259,10303,102.25,8,NYC,NY,5424,5993,352100,STATEN ISLAND,staten island,NY,2300,118,173,164,114,106,321,291,400,158,133,176,95,51,1182,0.4,3.8,23,12.9,21.3,20.6,7.9,5.7,4.4,27000,27000
260,11378,80.84210526,38,NYC,NY,4465,4932,688200,MASPETH,maspeth,NY,2300,118,173,164,114,106,321,291,400,158,133,176,95,51,1182,0.4,3.8,23,12.9,21.3,20.6,7.9,5.7,4.4,27000,27000
261,10040,81.008,125,NYC,NY,10179,11693,494200,NEW YORK,new york,NY,2300,118,173,164,114,106,321,291,400,158,133,176,95,51,1182,0.4,3.8,23,12.9,21.3,20.6,7.9,5.7,4.4,27000,27000
262,10461,69.53846154,13,NYC,NY,10179,1032,494200,BRONX,bronx,NY,2300,118,173,164,114,106,321,291,400,158,133,176,95,51,1182,0.4,3.8,23,12.9,21.3,20.6,7.9,5.7,4.4,27000,27000
263,11428,42,6,NYC,NY,6941,7696,495000,QUEENS VILLAGE,queens village,NY,2300,118,173,164,114,106,321,291,400,158,133,176,95,51,1182,0.4,3.8,23,12.9,21.3,20.6,7.9,5.7,4.4,27000,27000
264,10302,123,7,NYC,NY,6883,7627,415800,STATEN ISLAND,staten island,NY,2300,118,173,164,114,106,321,291,400,158,133,176,95,51,1182,0.4,3.8,23,12.9,21.3,20.6,7.9,5.7,4.4,27000,27000
265,10310,50.5,20,NYC,NY,5335,5901,475000,STATEN ISLAND,staten island,NY,2300,118,173,164,114,106,321,291,400,158,133,176,95,51,1182,0.4,3.8,23,12.9,21.3,20.6,7.9,5.7,4.4,27000,27000
266,11375,105,3,NYC,NY,10179,15,494200,FOREST HILLS,forest hills,NY,2300,118,173,164,114,106,321,291,400,158,133,176,95,51,1182,0.4,3.8,23,12.9,21.3,20.6,7.9,5.7,4.4,27000,27000
267,11415,45,2,NYC,NY,10179,5326,494200,KEW GARDENS,kew gardens,NY,2300,118,173,164,114,106,321,291,400,158,133,176,95,51,1182,0.4,3.8,23,12.9,21.3,20.6,7.9,5.7,4.4,27000,27000
268,11420,93.77777778,9,NYC,NY,3913,4304,474300,SOUTH OZONE PARK,south ozone park,NY,2300,118,173,164,114,106,321,291,400,158,133,176,95,51,1182,0.4,3.8,23,12.9,21.3,20.6,7.9,5.7,4.4,27000,27000
269,11385-2308,45,1,NYC,NY,10179,11693,494200,#N/A,#N/A,NY,2300,118,173,164,114,106,321,291,400,158,133,176,95,51,1182,0.4,3.8,23,12.9,21.3,20.6,7.9,5.7,4.4,27000,27000
270,11693,105.7333333,30,NYC,NY,7207,8006,392200,FAR ROCKAWAY,far rockaway,NY,2300,118,173,164,114,106,321,291,400,158,133,176,95,51,1182,0.4,3.8,23,12.9,21.3,20.6,7.9,5.7,4.4,27000,27000
271,10044,80.40350877,58,NYC,NY,10179,8025,494200,NEW YORK,new york,NY,2300,118,173,164,114,106,321,291,400,158,133,176,95,51,1182,0.4,3.8,23,12.9,21.3,20.6,7.9,5.7,4.4,27000,27000
272,7310,67,1,NYC,NJ,10179,11693,494200,JERSEY CITY,jersey city,NJ,249294,15331,14786,15023,15813,16906,29469,28944,36743,17292,17569,23150,12537,5731,130320,2.2,3.5,14,17.7,19.1,15.5,6.1,9.8,12.1,29154,29154
273,5340,650,1,NYC,VT,10179,11693,494200,BONDVILLE,bondville,VT,21411,1301,1219,1260,1231,1291,2813,2899,2909,1710,1305,1783,1150,540,12443,2,2.1,9.9,19.7,31.3,17.2,5.4,6.7,5.7,32420,32420
274,11436,125.4,5,NYC,NY,7445,8301,430700,JAMAICA,jamaica,NY,2300,118,173,164,114,106,321,291,400,158,133,176,95,51,1182,0.4,3.8,23,12.9,21.3,20.6,7.9,5.7,4.4,27000,27000
275,11434,70.88235294,17,NYC,NY,702,773,439500,JAMAICA,jamaica,NY,2300,118,173,164,114,106,321,291,400,158,133,176,95,51,1182,0.4,3.8,23,12.9,21.3,20.6,7.9,5.7,4.4,27000,27000
276,11433,67.5,2,NYC,NY,4734,5221,440300,JAMAICA,jamaica,NY,2300,118,173,164,114,106,321,291,400,158,133,176,95,51,1182,0.4,3.8,23,12.9,21.3,20.6,7.9,5.7,4.4,27000,27000
277,10111,450,1,NYC,NY,10179,11693,494200,NEW YORK,new york,NY,2300,118,173,164,114,106,321,291,400,158,133,176,95,51,1182,0.4,3.8,23,12.9,21.3,20.6,7.9,5.7,4.4,27000,27000
278,10307,218,3,NYC,NY,7826,8758,570600,STATEN ISLAND,staten island,NY,2300,118,173,164,114,106,321,291,400,158,133,176,95,51,1182,0.4,3.8,23,12.9,21.3,20.6,7.9,5.7,4.4,27000,27000
279,10075,156.0813397,209,NYC,NY,10179,2136,494200,NEW YORK,new york,NY,2300,118,173,164,114,106,321,291,400,158,133,176,95,51,1182,0.4,3.8,23,12.9,21.3,20.6,7.9,5.7,4.4,27000,27000
280,10162,200,2,NYC,NY,10179,11693,494200,NEW YORK,new york,NY,2300,118,173,164,114,106,321,291,400,158,133,176,95,51,1182,0.4,3.8,23,12.9,21.3,20.6,7.9,5.7,4.4,27000,27000
281,10024,194.738041,444,NYC,NY,10179,58,494200,NEW YORK,new york,NY,2300,118,173,164,114,106,321,291,400,158,133,176,95,51,1182,0.4,3.8,23,12.9,21.3,20.6,7.9,5.7,4.4,27000,27000
282,10078,90,1,NYC,NY,10179,11693,494200,#N/A,#N/A,NY,2300,118,173,164,114,106,321,291,400,158,133,176,95,51,1182,0.4,3.8,23,12.9,21.3,20.6,7.9,5.7,4.4,27000,27000
283,10069,241.0454545,23,NYC,NY,8192,9183,1991500,NEW YORK,new york,NY,2300,118,173,164,114,106,321,291,400,158,133,176,95,51,1182,0.4,3.8,23,12.9,21.3,20.6,7.9,5.7,4.4,27000,27000
284,10032,89.95424837,461,NYC,NY,10179,363,494200,NEW YORK,new york,NY,2300,118,173,164,114,106,321,291,400,158,133,176,95,51,1182,0.4,3.8,23,12.9,21.3,20.6,7.9,5.7,4.4,27000,27000
285,1m,59,1,NYC,NY,10179,11693,494200,#N/A,#N/A,NY,2300,118,173,164,114,106,321,291,400,158,133,176,95,51,1182,0.4,3.8,23,12.9,21.3,20.6,7.9,5.7,4.4,27000,27000
286,10470,67.5,6,NYC,NY,6697,7425,430700,BRONX,bronx,NY,2300,118,173,164,114,106,321,291,400,158,133,176,95,51,1182,0.4,3.8,23,12.9,21.3,20.6,7.9,5.7,4.4,27000,27000
287,10704,200,1,NYC,NY,2893,3176,427900,YONKERS,yonkers,NY,2300,118,173,164,114,106,321,291,400,158,133,176,95,51,1182,0.4,3.8,23,12.9,21.3,20.6,7.9,5.7,4.4,27000,27000
288,10031,132.25,4,NYC,NY,10179,434,494200,NEW YORK,new york,NY,2300,118,173,164,114,106,321,291,400,158,133,176,95,51,1182,0.4,3.8,23,12.9,21.3,20.6,7.9,5.7,4.4,27000,27000
289,10039,127,2,NYC,NY,10179,3613,494200,NEW YORK,new york,NY,2300,118,173,164,114,106,321,291,400,158,133,176,95,51,1182,0.4,3.8,23,12.9,21.3,20.6,7.9,5.7,4.4,27000,27000
290,99135,340,1,NYC,NY,10179,11693,494200,HARTLINE,hartline,NY,2300,118,173,164,114,106,321,291,400,158,133,176,95,51,1182,0.4,3.8,23,12.9,21.3,20.6,7.9,5.7,4.4,27000,27000
291,11222,122.2115385,52,NYC,NY,1222,1357,1001400,BROOKLYN,brooklyn,MI,2929,206,197,150,168,171,256,278,402,344,141,378,160,78,1414,1.8,3.9,14.9,6.2,20.9,17.4,12.6,10,12.3,35625,35625
292,"11249
11249",60,1,NYC,NY,10179,11693,494200,#N/A,#N/A,NY,2300,118,173,164,114,106,321,291,400,158,133,176,95,51,1182,0.4,3.8,23,12.9,21.3,20.6,7.9,5.7,4.4,27000,27000
293,11003,85,1,NYC,NY,3675,4034,414300,ELMONT,elmont,NY,2300,118,173,164,114,106,321,291,400,158,133,176,95,51,1182,0.4,3.8,23,12.9,21.3,20.6,7.9,5.7,4.4,27000,27000
294,11580,122,1,NYC,NY,3067,3369,432600,VALLEY STREAM,valley stream,NY,2300,118,173,164,114,106,321,291,400,158,133,176,95,51,1182,0.4,3.8,23,12.9,21.3,20.6,7.9,5.7,4.4,27000,27000
295,11581,75,1,NYC,NY,5943,6555,474100,VALLEY STREAM,valley stream,NY,2300,118,173,164,114,106,321,291,400,158,133,176,95,51,1182,0.4,3.8,23,12.9,21.3,20.6,7.9,5.7,4.4,27000,27000
296,10705,70,1,NYC,NY,2194,2407,462200,YONKERS,yonkers,NY,2300,118,173,164,114,106,321,291,400,158,133,176,95,51,1182,0.4,3.8,23,12.9,21.3,20.6,7.9,5.7,4.4,27000,27000
297,80221,96.04761905,21,denver,CO,10179,11693,494200,DENVER,denver,CO,2844,180,126,216,670,1096,279,221,56,0,0,0,0,0,2263,2.5,76.3,2.8,2.4,5.8,4.3,4.1,1.8,0,11001,11001
298,80211,146.3342697,357,denver,CO,10179,11693,494200,DENVER,denver,CO,2844,180,126,216,670,1096,279,221,56,0,0,0,0,0,2263,2.5,76.3,2.8,2.4,5.8,4.3,4.1,1.8,0,11001,11001
299,80212,121.2952381,105,denver,CO,10179,11693,494200,DENVER,denver,CO,2844,180,126,216,670,1096,279,221,56,0,0,0,0,0,2263,2.5,76.3,2.8,2.4,5.8,4.3,4.1,1.8,0,11001,11001
300,80202,164.6161616,198,denver,CO,10179,11693,494200,DENVER,denver,CO,2844,180,126,216,670,1096,279,221,56,0,0,0,0,0,2263,2.5,76.3,2.8,2.4,5.8,4.3,4.1,1.8,0,11001,11001
301,80219,65.54054054,37,denver,CO,10179,11693,494200,DENVER,denver,CO,2844,180,126,216,670,1096,279,221,56,0,0,0,0,0,2263,2.5,76.3,2.8,2.4,5.8,4.3,4.1,1.8,0,11001,11001
302,80210,141.4769231,130,denver,CO,10179,11693,494200,DENVER,denver,CO,2844,180,126,216,670,1096,279,221,56,0,0,0,0,0,2263,2.5,76.3,2.8,2.4,5.8,4.3,4.1,1.8,0,11001,11001
303,80113,55,1,denver,CO,10179,11693,494200,ENGLEWOOD,englewood,CO,2844,180,126,216,670,1096,279,221,56,0,0,0,0,0,2263,2.5,76.3,2.8,2.4,5.8,4.3,4.1,1.8,0,11001,11001
304,80216,105.5,14,denver,CO,10179,11693,494200,DENVER,denver,CO,2844,180,126,216,670,1096,279,221,56,0,0,0,0,0,2263,2.5,76.3,2.8,2.4,5.8,4.3,4.1,1.8,0,11001,11001
305,80223,129.1341463,82,denver,CO,10179,11693,494200,DENVER,denver,CO,2844,180,126,216,670,1096,279,221,56,0,0,0,0,0,2263,2.5,76.3,2.8,2.4,5.8,4.3,4.1,1.8,0,11001,11001
306,80218,109.8,201,denver,CO,10179,11693,494200,DENVER,denver,CO,2844,180,126,216,670,1096,279,221,56,0,0,0,0,0,2263,2.5,76.3,2.8,2.4,5.8,4.3,4.1,1.8,0,11001,11001
307,80206,119.8680556,144,denver,CO,10179,11693,494200,DENVER,denver,CO,2844,180,126,216,670,1096,279,221,56,0,0,0,0,0,2263,2.5,76.3,2.8,2.4,5.8,4.3,4.1,1.8,0,11001,11001
308,80237,104.8928571,28,denver,CO,10179,11693,494200,DENVER,denver,CO,2844,180,126,216,670,1096,279,221,56,0,0,0,0,0,2263,2.5,76.3,2.8,2.4,5.8,4.3,4.1,1.8,0,11001,11001
309,80247,35.55,20,denver,CO,10179,11693,494200,DENVER,denver,CO,2844,180,126,216,670,1096,279,221,56,0,0,0,0,0,2263,2.5,76.3,2.8,2.4,5.8,4.3,4.1,1.8,0,11001,11001
310,80207,145.5901639,61,denver,CO,10179,11693,494200,DENVER,denver,CO,2844,180,126,216,670,1096,279,221,56,0,0,0,0,0,2263,2.5,76.3,2.8,2.4,5.8,4.3,4.1,1.8,0,11001,11001
311,80220,115.2987013,77,denver,CO,10179,11693,494200,DENVER,denver,CO,2844,180,126,216,670,1096,279,221,56,0,0,0,0,0,2263,2.5,76.3,2.8,2.4,5.8,4.3,4.1,1.8,0,11001,11001
312,80224,118.826087,23,denver,CO,10179,11693,494200,DENVER,denver,CO,2844,180,126,216,670,1096,279,221,56,0,0,0,0,0,2263,2.5,76.3,2.8,2.4,5.8,4.3,4.1,1.8,0,11001,11001
313,80246,104.3809524,21,denver,CO,10179,11693,494200,DENVER,denver,CO,2844,180,126,216,670,1096,279,221,56,0,0,0,0,0,2263,2.5,76.3,2.8,2.4,5.8,4.3,4.1,1.8,0,11001,11001
314,80209,145,111,denver,CO,10179,11693,494200,DENVER,denver,CO,2844,180,126,216,670,1096,279,221,56,0,0,0,0,0,2263,2.5,76.3,2.8,2.4,5.8,4.3,4.1,1.8,0,11001,11001
315,80222,92.38461538,26,denver,CO,10179,11693,494200,DENVER,denver,CO,2844,180,126,216,670,1096,279,221,56,0,0,0,0,0,2263,2.5,76.3,2.8,2.4,5.8,4.3,4.1,1.8,0,11001,11001
316,80236,90.125,8,denver,CO,10179,11693,494200,DENVER,denver,CO,2844,180,126,216,670,1096,279,221,56,0,0,0,0,0,2263,2.5,76.3,2.8,2.4,5.8,4.3,4.1,1.8,0,11001,11001
317,80231,72.09090909,11,denver,CO,10179,11693,494200,DENVER,denver,CO,2844,180,126,216,670,1096,279,221,56,0,0,0,0,0,2263,2.5,76.3,2.8,2.4,5.8,4.3,4.1,1.8,0,11001,11001
318,80014,110,2,denver,CO,10179,11693,494200,AURORA,aurora,MO,8256,557,751,571,586,525,1066,998,1086,555,294,621,463,183,3981,0.8,6.5,25.4,26.8,16.9,15.4,5,1.3,2,22547,22547
319,80204,111.3333333,150,denver,CO,10179,11693,494200,DENVER,denver,CO,2844,180,126,216,670,1096,279,221,56,0,0,0,0,0,2263,2.5,76.3,2.8,2.4,5.8,4.3,4.1,1.8,0,11001,11001
320,80203,116.4904762,212,denver,CO,10179,11693,494200,DENVER,denver,CO,2844,180,126,216,670,1096,279,221,56,0,0,0,0,0,2263,2.5,76.3,2.8,2.4,5.8,4.3,4.1,1.8,0,11001,11001
321,80123,45,6,denver,CO,10179,11693,494200,LITTLETON,littleton,NH,3685,257,216,272,118,228,573,391,482,220,352,281,200,95,1808,3.8,2.5,17.3,18.8,34,11.2,1.8,4.5,6,25172,25172
322,80235,44.66666667,3,denver,CO,10179,11693,494200,DENVER,denver,CO,2844,180,126,216,670,1096,279,221,56,0,0,0,0,0,2263,2.5,76.3,2.8,2.4,5.8,4.3,4.1,1.8,0,11001,11001
323,80227,97.33333333,3,denver,CO,10179,11693,494200,DENVER,denver,CO,2844,180,126,216,670,1096,279,221,56,0,0,0,0,0,2263,2.5,76.3,2.8,2.4,5.8,4.3,4.1,1.8,0,11001,11001
324,80110,40,1,denver,CO,10179,11693,494200,ENGLEWOOD,englewood,CO,2844,180,126,216,670,1096,279,221,56,0,0,0,0,0,2263,2.5,76.3,2.8,2.4,5.8,4.3,4.1,1.8,0,11001,11001
325,80239,87.85714286,7,denver,CO,10179,11693,494200,DENVER,denver,CO,2844,180,126,216,670,1096,279,221,56,0,0,0,0,0,2263,2.5,76.3,2.8,2.4,5.8,4.3,4.1,1.8,0,11001,11001
326,80249,82.74074074,27,denver,CO,10179,11693,494200,DENVER,denver,CO,2844,180,126,216,670,1096,279,221,56,0,0,0,0,0,2263,2.5,76.3,2.8,2.4,5.8,4.3,4.1,1.8,0,11001,11001
327,80205,138.0356164,366,denver,CO,10179,11693,494200,DENVER,denver,CO,2844,180,126,216,670,1096,279,221,56,0,0,0,0,0,2263,2.5,76.3,2.8,2.4,5.8,4.3,4.1,1.8,0,11001,11001
328,80214,59,1,denver,CO,10179,11693,494200,DENVER,denver,CO,2844,180,126,216,670,1096,279,221,56,0,0,0,0,0,2263,2.5,76.3,2.8,2.4,5.8,4.3,4.1,1.8,0,11001,11001
329,80230,63.57142857,7,denver,CO,10179,11693,494200,DENVER,denver,CO,2844,180,126,216,670,1096,279,221,56,0,0,0,0,0,2263,2.5,76.3,2.8,2.4,5.8,4.3,4.1,1.8,0,11001,11001
330,80238,164.0645161,31,denver,CO,10179,11693,494200,DENVER,denver,CO,2844,180,126,216,670,1096,279,221,56,0,0,0,0,0,2263,2.5,76.3,2.8,2.4,5.8,4.3,4.1,1.8,0,11001,11001
331,60625,110.4423077,104,chicago,IL,35,49,266300,CHICAGO,chicago,IL,8679933,556413,580438,587991,591545,582272,1271262,1185117,1211522,562259,476240,601252,324124,149498,4537934,1.5,3,12.5,14.2,18.5,15.1,7.2,12,16,34345,34345
332,60640,113.5119617,209,chicago,IL,5,7,206700,CHICAGO,chicago,IL,8679933,556413,580438,587991,591545,582272,1271262,1185117,1211522,562259,476240,601252,324124,149498,4537934,1.5,3,12.5,14.2,18.5,15.1,7.2,12,16,34345,34345
333,60613,166.8340426,236,chicago,IL,26,38,207200,CHICAGO,chicago,IL,8679933,556413,580438,587991,591545,582272,1271262,1185117,1211522,562259,476240,601252,324124,149498,4537934,1.5,3,12.5,14.2,18.5,15.1,7.2,12,16,34345,34345
334,60618,109.7414449,265,chicago,IL,17,23,334600,CHICAGO,chicago,IL,8679933,556413,580438,587991,591545,582272,1271262,1185117,1211522,562259,476240,601252,324124,149498,4537934,1.5,3,12.5,14.2,18.5,15.1,7.2,12,16,34345,34345
335,60659,71.42857143,28,chicago,IL,2305,2531,264500,CHICAGO,chicago,IL,8679933,556413,580438,587991,591545,582272,1271262,1185117,1211522,562259,476240,601252,324124,149498,4537934,1.5,3,12.5,14.2,18.5,15.1,7.2,12,16,34345,34345
336,60615,92.69402985,134,chicago,IL,338,378,188800,CHICAGO,chicago,IL,8679933,556413,580438,587991,591545,582272,1271262,1185117,1211522,562259,476240,601252,324124,149498,4537934,1.5,3,12.5,14.2,18.5,15.1,7.2,12,16,34345,34345
337,60637,72.82666667,75,chicago,IL,423,472,149100,CHICAGO,chicago,IL,8679933,556413,580438,587991,591545,582272,1271262,1185117,1211522,562259,476240,601252,324124,149498,4537934,1.5,3,12.5,14.2,18.5,15.1,7.2,12,16,34345,34345
338,60626,100.0166667,120,chicago,IL,177,204,149600,CHICAGO,chicago,IL,8679933,556413,580438,587991,591545,582272,1271262,1185117,1211522,562259,476240,601252,324124,149498,4537934,1.5,3,12.5,14.2,18.5,15.1,7.2,12,16,34345,34345
339,60645,88.46666667,60,chicago,IL,1279,1416,182500,CHICAGO,chicago,IL,8679933,556413,580438,587991,591545,582272,1271262,1185117,1211522,562259,476240,601252,324124,149498,4537934,1.5,3,12.5,14.2,18.5,15.1,7.2,12,16,34345,34345
340,60660,102.3613445,119,chicago,IL,308,346,177200,CHICAGO,chicago,IL,8679933,556413,580438,587991,591545,582272,1271262,1185117,1211522,562259,476240,601252,324124,149498,4537934,1.5,3,12.5,14.2,18.5,15.1,7.2,12,16,34345,34345
341,60630,74.92682927,41,chicago,IL,676,746,283200,CHICAGO,chicago,IL,8679933,556413,580438,587991,591545,582272,1271262,1185117,1211522,562259,476240,601252,324124,149498,4537934,1.5,3,12.5,14.2,18.5,15.1,7.2,12,16,34345,34345
342,60646,109.4615385,13,chicago,IL,3756,4135,402700,CHICAGO,chicago,IL,8679933,556413,580438,587991,591545,582272,1271262,1185117,1211522,562259,476240,601252,324124,149498,4537934,1.5,3,12.5,14.2,18.5,15.1,7.2,12,16,34345,34345
343,60634,71.63636364,23,chicago,IL,133,158,253200,CHICAGO,chicago,IL,8679933,556413,580438,587991,591545,582272,1271262,1185117,1211522,562259,476240,601252,324124,149498,4537934,1.5,3,12.5,14.2,18.5,15.1,7.2,12,16,34345,34345
344,60647,112.6441048,461,chicago,IL,13,18,335400,CHICAGO,chicago,IL,8679933,556413,580438,587991,591545,582272,1271262,1185117,1211522,562259,476240,601252,324124,149498,4537934,1.5,3,12.5,14.2,18.5,15.1,7.2,12,16,34345,34345
345,60622,125.3854875,443,chicago,IL,297,334,416100,CHICAGO,chicago,IL,8679933,556413,580438,587991,591545,582272,1271262,1185117,1211522,562259,476240,601252,324124,149498,4537934,1.5,3,12.5,14.2,18.5,15.1,7.2,12,16,34345,34345
346,60614,174.4033333,301,chicago,IL,3,4,415500,CHICAGO,chicago,IL,8679933,556413,580438,587991,591545,582272,1271262,1185117,1211522,562259,476240,601252,324124,149498,4537934,1.5,3,12.5,14.2,18.5,15.1,7.2,12,16,34345,34345
347,60642,144.2041885,191,chicago,IL,4261,4690,404400,CHICAGO,chicago,IL,8679933,556413,580438,587991,591545,582272,1271262,1185117,1211522,562259,476240,601252,324124,149498,4537934,1.5,3,12.5,14.2,18.5,15.1,7.2,12,16,34345,34345
348,60612,111.8455882,136,chicago,IL,2241,2460,212800,CHICAGO,chicago,IL,8679933,556413,580438,587991,591545,582272,1271262,1185117,1211522,562259,476240,601252,324124,149498,4537934,1.5,3,12.5,14.2,18.5,15.1,7.2,12,16,34345,34345
349,60654,245.1428571,113,chicago,IL,2160,2373,273200,CHICAGO,chicago,IL,8679933,556413,580438,587991,591545,582272,1271262,1185117,1211522,562259,476240,601252,324124,149498,4537934,1.5,3,12.5,14.2,18.5,15.1,7.2,12,16,34345,34345
350,60661,157.2340426,47,chicago,IL,5336,5902,314700,CHICAGO,chicago,IL,8679933,556413,580438,587991,591545,582272,1271262,1185117,1211522,562259,476240,601252,324124,149498,4537934,1.5,3,12.5,14.2,18.5,15.1,7.2,12,16,34345,34345
351,60651,63.2,30,chicago,IL,1327,1464,158800,CHICAGO,chicago,IL,8679933,556413,580438,587991,591545,582272,1271262,1185117,1211522,562259,476240,601252,324124,149498,4537934,1.5,3,12.5,14.2,18.5,15.1,7.2,12,16,34345,34345
352,60639,68.82352941,17,chicago,IL,616,678,223300,CHICAGO,chicago,IL,8679933,556413,580438,587991,591545,582272,1271262,1185117,1211522,562259,476240,601252,324124,149498,4537934,1.5,3,12.5,14.2,18.5,15.1,7.2,12,16,34345,34345
353,60707,178.4,5,chicago,IL,1484,1631,253100,ELMWOOD PARK,elmwood park,IL,3259,166,255,245,207,199,380,463,409,233,173,285,187,57,1258,0,1.2,24.1,28.4,25,16,0,4.2,1.1,28188,28188
354,60302,40,3,chicago,IL,1684,1847,356700,OAK PARK,oak park,IL,3259,166,255,245,207,199,380,463,409,233,173,285,187,57,1258,0,1.2,24.1,28.4,25,16,0,4.2,1.1,28188,28188
355,60644,92.75,4,chicago,IL,1610,1765,163300,CHICAGO,chicago,IL,8679933,556413,580438,587991,591545,582272,1271262,1185117,1211522,562259,476240,601252,324124,149498,4537934,1.5,3,12.5,14.2,18.5,15.1,7.2,12,16,34345,34345
356,60304,65,2,chicago,IL,5786,6377,384800,OAK PARK,oak park,IL,3259,166,255,245,207,199,380,463,409,233,173,285,187,57,1258,0,1.2,24.1,28.4,25,16,0,4.2,1.1,28188,28188
357,60607,117.4888889,90,chicago,IL,2248,2467,323300,CHICAGO,chicago,IL,8679933,556413,580438,587991,591545,582272,1271262,1185117,1211522,562259,476240,601252,324124,149498,4537934,1.5,3,12.5,14.2,18.5,15.1,7.2,12,16,34345,34345
358,60608,78.46153846,234,chicago,IL,468,518,231900,CHICAGO,chicago,IL,8679933,556413,580438,587991,591545,582272,1271262,1185117,1211522,562259,476240,601252,324124,149498,4537934,1.5,3,12.5,14.2,18.5,15.1,7.2,12,16,34345,34345
359,60606,153.7272727,11,chicago,IL,9422,10750,371000,CHICAGO,chicago,IL,8679933,556413,580438,587991,591545,582272,1271262,1185117,1211522,562259,476240,601252,324124,149498,4537934,1.5,3,12.5,14.2,18.5,15.1,7.2,12,16,34345,34345
360,60616,130.3223684,152,chicago,IL,258,292,244700,CHICAGO,chicago,IL,8679933,556413,580438,587991,591545,582272,1271262,1185117,1211522,562259,476240,601252,324124,149498,4537934,1.5,3,12.5,14.2,18.5,15.1,7.2,12,16,34345,34345
361,60605,174.13,103,chicago,IL,1528,1678,312300,CHICAGO,chicago,IL,8679933,556413,580438,587991,591545,582272,1271262,1185117,1211522,562259,476240,601252,324124,149498,4537934,1.5,3,12.5,14.2,18.5,15.1,7.2,12,16,34345,34345
362,60633,154,3,chicago,IL,7514,8382,114700,CHICAGO,chicago,IL,8679933,556413,580438,587991,591545,582272,1271262,1185117,1211522,562259,476240,601252,324124,149498,4537934,1.5,3,12.5,14.2,18.5,15.1,7.2,12,16,34345,34345
363,60656,85.28571429,7,chicago,IL,2846,3126,274700,CHICAGO,chicago,IL,8679933,556413,580438,587991,591545,582272,1271262,1185117,1211522,562259,476240,601252,324124,149498,4537934,1.5,3,12.5,14.2,18.5,15.1,7.2,12,16,34345,34345
364,60631,93.22222222,9,chicago,IL,2862,3142,328700,CHICAGO,chicago,IL,8679933,556413,580438,587991,591545,582272,1271262,1185117,1211522,562259,476240,601252,324124,149498,4537934,1.5,3,12.5,14.2,18.5,15.1,7.2,12,16,34345,34345
365,60610,172.9716981,213,chicago,IL,95,117,262300,CHICAGO,chicago,IL,8679933,556413,580438,587991,591545,582272,1271262,1185117,1211522,562259,476240,601252,324124,149498,4537934,1.5,3,12.5,14.2,18.5,15.1,7.2,12,16,34345,34345
366,60611,180.9333333,136,chicago,IL,111,133,320300,CHICAGO,chicago,IL,8679933,556413,580438,587991,591545,582272,1271262,1185117,1211522,562259,476240,601252,324124,149498,4537934,1.5,3,12.5,14.2,18.5,15.1,7.2,12,16,34345,34345
367,60602,124,52,chicago,IL,10179,14558,494200,CHICAGO,chicago,IL,8679933,556413,580438,587991,591545,582272,1271262,1185117,1211522,562259,476240,601252,324124,149498,4537934,1.5,3,12.5,14.2,18.5,15.1,7.2,12,16,34345,34345
368,60601,180.2903226,155,chicago,IL,4060,4466,316400,CHICAGO,chicago,IL,8679933,556413,580438,587991,591545,582272,1271262,1185117,1211522,562259,476240,601252,324124,149498,4537934,1.5,3,12.5,14.2,18.5,15.1,7.2,12,16,34345,34345
369,60657,170.8364611,375,chicago,IL,2,2,329100,CHICAGO,chicago,IL,8679933,556413,580438,587991,591545,582272,1271262,1185117,1211522,562259,476240,601252,324124,149498,4537934,1.5,3,12.5,14.2,18.5,15.1,7.2,12,16,34345,34345
370,60603,206.5,2,chicago,IL,10179,14959,494200,CHICAGO,chicago,IL,8679933,556413,580438,587991,591545,582272,1271262,1185117,1211522,562259,476240,601252,324124,149498,4537934,1.5,3,12.5,14.2,18.5,15.1,7.2,12,16,34345,34345
371,60649,57.17391304,23,chicago,IL,193,221,128300,CHICAGO,chicago,IL,8679933,556413,580438,587991,591545,582272,1271262,1185117,1211522,562259,476240,601252,324124,149498,4537934,1.5,3,12.5,14.2,18.5,15.1,7.2,12,16,34345,34345
372,60619,115.1111111,9,chicago,IL,53,71,145500,CHICAGO,chicago,IL,8679933,556413,580438,587991,591545,582272,1271262,1185117,1211522,562259,476240,601252,324124,149498,4537934,1.5,3,12.5,14.2,18.5,15.1,7.2,12,16,34345,34345
373,60617,36.64285714,14,chicago,IL,71,90,119600,CHICAGO,chicago,IL,8679933,556413,580438,587991,591545,582272,1271262,1185117,1211522,562259,476240,601252,324124,149498,4537934,1.5,3,12.5,14.2,18.5,15.1,7.2,12,16,34345,34345
374,60827,35,1,chicago,IL,3840,4225,67600,RIVERDALE,riverdale,CA,3694,400,463,312,258,330,637,357,171,249,145,243,80,49,1358,0,5,29.2,27.2,23,8.7,4.6,2.3,0,22759,22759
375,60638,57.25,4,chicago,IL,594,654,209600,CHICAGO,chicago,IL,8679933,556413,580438,587991,591545,582272,1271262,1185117,1211522,562259,476240,601252,324124,149498,4537934,1.5,3,12.5,14.2,18.5,15.1,7.2,12,16,34345,34345
376,60609,104.7575758,33,chicago,IL,1265,1402,143200,CHICAGO,chicago,IL,8679933,556413,580438,587991,591545,582272,1271262,1185117,1211522,562259,476240,601252,324124,149498,4537934,1.5,3,12.5,14.2,18.5,15.1,7.2,12,16,34345,34345
377,60636,85.22222222,9,chicago,IL,3669,4027,82200,CHICAGO,chicago,IL,8679933,556413,580438,587991,591545,582272,1271262,1185117,1211522,562259,476240,601252,324124,149498,4537934,1.5,3,12.5,14.2,18.5,15.1,7.2,12,16,34345,34345
378,60621,42.34375,32,chicago,IL,3298,3625,91300,CHICAGO,chicago,IL,8679933,556413,580438,587991,591545,582272,1271262,1185117,1211522,562259,476240,601252,324124,149498,4537934,1.5,3,12.5,14.2,18.5,15.1,7.2,12,16,34345,34345
379,60652,45,3,chicago,IL,2541,2791,172500,CHICAGO,chicago,IL,8679933,556413,580438,587991,591545,582272,1271262,1185117,1211522,562259,476240,601252,324124,149498,4537934,1.5,3,12.5,14.2,18.5,15.1,7.2,12,16,34345,34345
380,60453,125,1,chicago,IL,293,330,182800,OAK LAWN,oak lawn,IL,3259,166,255,245,207,199,380,463,409,233,173,285,187,57,1258,0,1.2,24.1,28.4,25,16,0,4.2,1.1,28188,28188
381,60660-1448,44,1,chicago,IL,10179,11693,494200,#N/A,#N/A,IL,3259,166,255,245,207,199,380,463,409,233,173,285,187,57,1258,0,1.2,24.1,28.4,25,16,0,4.2,1.1,28188,28188
382,60653,116.8037383,107,chicago,IL,1646,1805,221600,CHICAGO,chicago,IL,8679933,556413,580438,587991,591545,582272,1271262,1185117,1211522,562259,476240,601252,324124,149498,4537934,1.5,3,12.5,14.2,18.5,15.1,7.2,12,16,34345,34345
383,60632,51.57142857,7,chicago,IL,929,1027,169200,CHICAGO,chicago,IL,8679933,556413,580438,587991,591545,582272,1271262,1185117,1211522,562259,476240,601252,324124,149498,4537934,1.5,3,12.5,14.2,18.5,15.1,7.2,12,16,34345,34345
384,60641,97.88059701,67,chicago,IL,295,332,273700,CHICAGO,chicago,IL,8679933,556413,580438,587991,591545,582272,1271262,1185117,1211522,562259,476240,601252,324124,149498,4537934,1.5,3,12.5,14.2,18.5,15.1,7.2,12,16,34345,34345
385,60624,54.61111111,36,chicago,IL,3015,3316,157300,CHICAGO,chicago,IL,8679933,556413,580438,587991,591545,582272,1271262,1185117,1211522,562259,476240,601252,324124,149498,4537934,1.5,3,12.5,14.2,18.5,15.1,7.2,12,16,34345,34345
386,60623,53.56097561,41,chicago,IL,965,1066,145600,CHICAGO,chicago,IL,8679933,556413,580438,587991,591545,582272,1271262,1185117,1211522,562259,476240,601252,324124,149498,4537934,1.5,3,12.5,14.2,18.5,15.1,7.2,12,16,34345,34345
387,60628,73,5,chicago,IL,143,168,113900,CHICAGO,chicago,IL,8679933,556413,580438,587991,591545,582272,1271262,1185117,1211522,562259,476240,601252,324124,149498,4537934,1.5,3,12.5,14.2,18.5,15.1,7.2,12,16,34345,34345
388,60411,350,1,chicago,IL,801,879,95600,CHICAGO HEIGHTS,chicago heights,IL,3259,166,255,245,207,199,380,463,409,233,173,285,187,57,1258,0,1.2,24.1,28.4,25,16,0,4.2,1.1,28188,28188
389,60629,73.21428571,14,chicago,IL,34,48,160700,CHICAGO,chicago,IL,8679933,556413,580438,587991,591545,582272,1271262,1185117,1211522,562259,476240,601252,324124,149498,4537934,1.5,3,12.5,14.2,18.5,15.1,7.2,12,16,34345,34345
390,60620,62.5,4,chicago,IL,131,155,140000,CHICAGO,chicago,IL,8679933,556413,580438,587991,591545,582272,1271262,1185117,1211522,562259,476240,601252,324124,149498,4537934,1.5,3,12.5,14.2,18.5,15.1,7.2,12,16,34345,34345
391,60643,69.77777778,9,chicago,IL,711,783,151700,CHICAGO,chicago,IL,8679933,556413,580438,587991,591545,582272,1271262,1185117,1211522,562259,476240,601252,324124,149498,4537934,1.5,3,12.5,14.2,18.5,15.1,7.2,12,16,34345,34345
392,60202,130,2,chicago,IL,2006,2201,272200,EVANSTON,evanston,WY,11730,904,1030,1120,682,854,1714,1647,1190,881,553,637,334,184,6050,3.2,4.5,19.8,17.9,16.6,15.4,5.3,7,10.3,25549,25549
393,60805,30,1,chicago,IL,5677,6264,178200,EVERGREEN PARK,evergreen park,IL,3259,166,255,245,207,199,380,463,409,233,173,285,187,57,1258,0,1.2,24.1,28.4,25,16,0,4.2,1.1,28188,28188
394,2131,96.90769231,65,boston,MA,10179,11693,494200,ROSLINDALE,roslindale,MA,12644,659,532,971,816,815,1453,1289,1879,958,1001,1237,705,329,5645,1.5,2.9,9.9,14.3,34,12.4,9.8,11.8,3.5,30319,30319
395,2130,138.7462236,331,boston,MA,10179,11693,494200,JAMAICA PLAIN,jamaica plain,MA,12644,659,532,971,816,815,1453,1289,1879,958,1001,1237,705,329,5645,1.5,2.9,9.9,14.3,34,12.4,9.8,11.8,3.5,30319,30319
396,2119,126.11,100,boston,MA,10179,11693,494200,ROXBURY,roxbury,MA,12644,659,532,971,816,815,1453,1289,1879,958,1001,1237,705,329,5645,1.5,2.9,9.9,14.3,34,12.4,9.8,11.8,3.5,30319,30319
397,2120,126.173913,115,boston,MA,10179,11693,494200,ROXBURY CROSSING,roxbury crossing,MA,12644,659,532,971,816,815,1453,1289,1879,958,1001,1237,705,329,5645,1.5,2.9,9.9,14.3,34,12.4,9.8,11.8,3.5,30319,30319
398,2115,181.5508982,169,boston,MA,10179,11693,494200,BOSTON,boston,MA,4311208,242795,243633,251064,291305,314663,641269,560973,632337,290308,245789,322442,181413,93217,2465334,1.1,1.8,7.3,11.6,18.2,16.4,8,14.2,21.4,40143,40143
399,2215,209.4851064,236,boston,MA,10179,11693,494200,BOSTON,boston,MA,4311208,242795,243633,251064,291305,314663,641269,560973,632337,290308,245789,322442,181413,93217,2465334,1.1,1.8,7.3,11.6,18.2,16.4,8,14.2,21.4,40143,40143
400,2116,226.5426357,388,boston,MA,10179,11693,494200,BOSTON,boston,MA,4311208,242795,243633,251064,291305,314663,641269,560973,632337,290308,245789,322442,181413,93217,2465334,1.1,1.8,7.3,11.6,18.2,16.4,8,14.2,21.4,40143,40143
401,2111,253.5353535,99,boston,MA,10179,11693,494200,BOSTON,boston,MA,4311208,242795,243633,251064,291305,314663,641269,560973,632337,290308,245789,322442,181413,93217,2465334,1.1,1.8,7.3,11.6,18.2,16.4,8,14.2,21.4,40143,40143
402,2109,238.9411765,51,boston,MA,10179,11693,494200,BOSTON,boston,MA,4311208,242795,243633,251064,291305,314663,641269,560973,632337,290308,245789,322442,181413,93217,2465334,1.1,1.8,7.3,11.6,18.2,16.4,8,14.2,21.4,40143,40143
403,2113,190.1584158,101,boston,MA,10179,11693,494200,BOSTON,boston,MA,4311208,242795,243633,251064,291305,314663,641269,560973,632337,290308,245789,322442,181413,93217,2465334,1.1,1.8,7.3,11.6,18.2,16.4,8,14.2,21.4,40143,40143
404,2110,274.0769231,13,boston,MA,10179,11693,494200,BOSTON,boston,MA,4311208,242795,243633,251064,291305,314663,641269,560973,632337,290308,245789,322442,181413,93217,2465334,1.1,1.8,7.3,11.6,18.2,16.4,8,14.2,21.4,40143,40143
405,2114,203.8340611,231,boston,MA,10179,11693,494200,BOSTON,boston,MA,4311208,242795,243633,251064,291305,314663,641269,560973,632337,290308,245789,322442,181413,93217,2465334,1.1,1.8,7.3,11.6,18.2,16.4,8,14.2,21.4,40143,40143
406,2108,230.3611111,72,boston,MA,10179,11693,494200,BOSTON,boston,MA,4311208,242795,243633,251064,291305,314663,641269,560973,632337,290308,245789,322442,181413,93217,2465334,1.1,1.8,7.3,11.6,18.2,16.4,8,14.2,21.4,40143,40143
407,2121,101.3103448,29,boston,MA,10179,11693,494200,DORCHESTER,dorchester,MA,12644,659,532,971,816,815,1453,1289,1879,958,1001,1237,705,329,5645,1.5,2.9,9.9,14.3,34,12.4,9.8,11.8,3.5,30319,30319
408,2118,208.5469388,247,boston,MA,10179,11693,494200,BOSTON,boston,MA,4311208,242795,243633,251064,291305,314663,641269,560973,632337,290308,245789,322442,181413,93217,2465334,1.1,1.8,7.3,11.6,18.2,16.4,8,14.2,21.4,40143,40143
409,2125,95.52713178,129,boston,MA,10179,11693,494200,DORCHESTER,dorchester,MA,12644,659,532,971,816,815,1453,1289,1879,958,1001,1237,705,329,5645,1.5,2.9,9.9,14.3,34,12.4,9.8,11.8,3.5,30319,30319
410,2124,81.2,80,boston,MA,10179,11693,494200,DORCHESTER CENTER,dorchester center,MA,12644,659,532,971,816,815,1453,1289,1879,958,1001,1237,705,329,5645,1.5,2.9,9.9,14.3,34,12.4,9.8,11.8,3.5,30319,30319
411,2210,263.8082192,75,boston,MA,10179,11693,494200,BOSTON,boston,MA,4311208,242795,243633,251064,291305,314663,641269,560973,632337,290308,245789,322442,181413,93217,2465334,1.1,1.8,7.3,11.6,18.2,16.4,8,14.2,21.4,40143,40143
412,2218,169,1,boston,MA,10179,11693,494200,#N/A,#N/A,MA,12644,659,532,971,816,815,1453,1289,1879,958,1001,1237,705,329,5645,1.5,2.9,9.9,14.3,34,12.4,9.8,11.8,3.5,30319,30319
413,2142,270,1,boston,MA,10179,11693,494200,CAMBRIDGE,cambridge,MD,14723,1156,1058,806,781,1210,2027,1469,1819,856,958,1370,743,470,7400,1.6,4,16.1,20.9,22.2,15.2,7.6,7.5,4.8,26766,26766
414,2128,119.6849315,146,boston,MA,10179,11693,494200,BOSTON,boston,MA,4311208,242795,243633,251064,291305,314663,641269,560973,632337,290308,245789,322442,181413,93217,2465334,1.1,1.8,7.3,11.6,18.2,16.4,8,14.2,21.4,40143,40143
415,2129,213.1011236,90,boston,MA,10179,11693,494200,CHARLESTOWN,charlestown,IN,7306,376,557,644,628,499,805,1160,1239,210,336,494,253,105,3507,1,2.7,21,24.9,26.9,11.9,6.4,3,2.2,26292,26292
416,2145,89.83333333,12,boston,MA,10179,11693,494200,SOMERVILLE,somerville,MA,12644,659,532,971,816,815,1453,1289,1879,958,1001,1237,705,329,5645,1.5,2.9,9.9,14.3,34,12.4,9.8,11.8,3.5,30319,30319
417,2126,80.95833333,24,boston,MA,10179,11693,494200,MATTAPAN,mattapan,MA,12644,659,532,971,816,815,1453,1289,1879,958,1001,1237,705,329,5645,1.5,2.9,9.9,14.3,34,12.4,9.8,11.8,3.5,30319,30319
418,02108 02111,334,1,boston,MA,10179,11693,494200,#N/A,#N/A,MA,12644,659,532,971,816,815,1453,1289,1879,958,1001,1237,705,329,5645,1.5,2.9,9.9,14.3,34,12.4,9.8,11.8,3.5,30319,30319
419,2472,60,1,boston,MA,10179,11693,494200,WATERTOWN,watertown,MN,4197,207,418,299,215,242,549,711,713,212,181,194,151,105,2523,2,2,5.9,17.5,15.8,22.8,11.8,14.9,7.3,34792,34792
420,2122,114.4090909,44,boston,MA,10179,11693,494200,DORCHESTER,dorchester,MA,12644,659,532,971,816,815,1453,1289,1879,958,1001,1237,705,329,5645,1.5,2.9,9.9,14.3,34,12.4,9.8,11.8,3.5,30319,30319
421,2446,178.5,8,boston,MA,10179,11693,494200,BROOKLINE,brookline,MA,12644,659,532,971,816,815,1453,1289,1879,958,1001,1237,705,329,5645,1.5,2.9,9.9,14.3,34,12.4,9.8,11.8,3.5,30319,30319
422,2135,120.3953488,172,boston,MA,10179,11693,494200,BRIGHTON,brighton,MA,12644,659,532,971,816,815,1453,1289,1879,958,1001,1237,705,329,5645,1.5,2.9,9.9,14.3,34,12.4,9.8,11.8,3.5,30319,30319
423,2134,108.8362069,232,boston,MA,10179,11693,494200,ALLSTON,allston,MA,12644,659,532,971,816,815,1453,1289,1879,958,1001,1237,705,329,5645,1.5,2.9,9.9,14.3,34,12.4,9.8,11.8,3.5,30319,30319
424,2445,92.8,5,boston,MA,10179,11693,494200,BROOKLINE,brookline,MA,12644,659,532,971,816,815,1453,1289,1879,958,1001,1237,705,329,5645,1.5,2.9,9.9,14.3,34,12.4,9.8,11.8,3.5,30319,30319
425,2132,103.7837838,37,boston,MA,10179,11693,494200,WEST ROXBURY,west roxbury,MA,12644,659,532,971,816,815,1453,1289,1879,958,1001,1237,705,329,5645,1.5,2.9,9.9,14.3,34,12.4,9.8,11.8,3.5,30319,30319
426,2467,80.4,5,boston,MA,10179,11693,494200,CHESTNUT HILL,chestnut hill,MA,12644,659,532,971,816,815,1453,1289,1879,958,1001,1237,705,329,5645,1.5,2.9,9.9,14.3,34,12.4,9.8,11.8,3.5,30319,30319
427,2136,88.79310345,29,boston,MA,10179,11693,494200,HYDE PARK,hyde park,MA,12644,659,532,971,816,815,1453,1289,1879,958,1001,1237,705,329,5645,1.5,2.9,9.9,14.3,34,12.4,9.8,11.8,3.5,30319,30319
428,2186,50,1,boston,MA,10179,11693,494200,MILTON,milton,DE,2920,188,103,237,91,156,449,409,296,164,217,434,125,51,1413,2.2,4.1,12.8,31.5,17.7,15.6,4.3,7.1,4.7,29882,29882
429,2169,25,1,boston,MA,10179,11693,494200,QUINCY,quincy,FL,9202,555,690,712,567,566,1202,1238,1201,444,663,823,345,196,3359,3.5,8.1,27.7,29.2,17.3,4.9,3.9,1.1,4.3,24423,24423
430,2127,185.4134078,180,boston,MA,10179,11693,494200,BOSTON,boston,MA,4311208,242795,243633,251064,291305,314663,641269,560973,632337,290308,245789,322442,181413,93217,2465334,1.1,1.8,7.3,11.6,18.2,16.4,8,14.2,21.4,40143,40143
431,02134-1704,80,1,boston,MA,10179,11693,494200,#N/A,#N/A,MA,12644,659,532,971,816,815,1453,1289,1879,958,1001,1237,705,329,5645,1.5,2.9,9.9,14.3,34,12.4,9.8,11.8,3.5,30319,30319
432,2163,86.66666667,3,boston,MA,10179,11693,494200,BOSTON,boston,MA,4311208,242795,243633,251064,291305,314663,641269,560973,632337,290308,245789,322442,181413,93217,2465334,1.1,1.8,7.3,11.6,18.2,16.4,8,14.2,21.4,40143,40143
433,2138,221.5,6,boston,MA,10179,11693,494200,CAMBRIDGE,cambridge,MD,14723,1156,1058,806,781,1210,2027,1469,1819,856,958,1370,743,470,7400,1.6,4,16.1,20.9,22.2,15.2,7.6,7.5,4.8,26766,26766
434,2139,190.1666667,6,boston,MA,10179,11693,494200,CAMBRIDGE,cambridge,MD,14723,1156,1058,806,781,1210,2027,1469,1819,856,958,1370,743,470,7400,1.6,4,16.1,20.9,22.2,15.2,7.6,7.5,4.8,26766,26766
435,2141,150,3,boston,MA,10179,11693,494200,CAMBRIDGE,cambridge,MD,14723,1156,1058,806,781,1210,2027,1469,1819,856,958,1370,743,470,7400,1.6,4,16.1,20.9,22.2,15.2,7.6,7.5,4.8,26766,26766
436,2143,95.57142857,7,boston,MA,10179,11693,494200,SOMERVILLE,somerville,MA,12644,659,532,971,816,815,1453,1289,1879,958,1001,1237,705,329,5645,1.5,2.9,9.9,14.3,34,12.4,9.8,11.8,3.5,30319,30319
437,20009,184.3010578,1270,dc,DC,27,41,564000,WASHINGTON,washington,DC,4850905,331003,314503,296675,302710,319421,792871,719495,698096,300568,255570,308845,144881,66267,2826794,1.1,2.1,7.8,10.3,14.9,13.8,7.2,14.5,28.2,46970,46970
438,20036,176.746988,87,dc,DC,8494,9549,375600,WASHINGTON,washington,DC,4850905,331003,314503,296675,302710,319421,792871,719495,698096,300568,255570,308845,144881,66267,2826794,1.1,2.1,7.8,10.3,14.9,13.8,7.2,14.5,28.2,46970,46970
439,20005,249.7472527,288,dc,DC,4860,5371,509700,WASHINGTON,washington,DC,4850905,331003,314503,296675,302710,319421,792871,719495,698096,300568,255570,308845,144881,66267,2826794,1.1,2.1,7.8,10.3,14.9,13.8,7.2,14.5,28.2,46970,46970
440,20037,184.6965812,237,dc,DC,5553,6127,513800,WASHINGTON,washington,DC,4850905,331003,314503,296675,302710,319421,792871,719495,698096,300568,255570,308845,144881,66267,2826794,1.1,2.1,7.8,10.3,14.9,13.8,7.2,14.5,28.2,46970,46970
441,20008,172.2769953,223,dc,DC,1226,1361,842200,WASHINGTON,washington,DC,4850905,331003,314503,296675,302710,319421,792871,719495,698096,300568,255570,308845,144881,66267,2826794,1.1,2.1,7.8,10.3,14.9,13.8,7.2,14.5,28.2,46970,46970
442,20001,200.8966455,1148,dc,DC,263,298,643200,WASHINGTON,washington,DC,4850905,331003,314503,296675,302710,319421,792871,719495,698096,300568,255570,308845,144881,66267,2826794,1.1,2.1,7.8,10.3,14.9,13.8,7.2,14.5,28.2,46970,46970
443,20017,128.8104575,158,dc,DC,5019,5549,518800,WASHINGTON,washington,DC,4850905,331003,314503,296675,302710,319421,792871,719495,698096,300568,255570,308845,144881,66267,2826794,1.1,2.1,7.8,10.3,14.9,13.8,7.2,14.5,28.2,46970,46970
444,20001-4044,99,1,dc,DC,10179,11693,494200,#N/A,#N/A,DC,4850905,331003,314503,296675,302710,319421,792871,719495,698096,300568,255570,308845,144881,66267,2826794,1.1,2.1,7.8,10.3,14.9,13.8,7.2,14.5,28.2,46970,46970
445,20024,201.9403974,161,dc,DC,5118,5653,396500,WASHINGTON,washington,DC,4850905,331003,314503,296675,302710,319421,792871,719495,698096,300568,255570,308845,144881,66267,2826794,1.1,2.1,7.8,10.3,14.9,13.8,7.2,14.5,28.2,46970,46970
446,20003,232.9363167,622,dc,DC,2052,2251,737000,WASHINGTON,washington,DC,4850905,331003,314503,296675,302710,319421,792871,719495,698096,300568,255570,308845,144881,66267,2826794,1.1,2.1,7.8,10.3,14.9,13.8,7.2,14.5,28.2,46970,46970
447,20018,121.4852941,139,dc,DC,5098,5633,511800,WASHINGTON,washington,DC,4850905,331003,314503,296675,302710,319421,792871,719495,698096,300568,255570,308845,144881,66267,2826794,1.1,2.1,7.8,10.3,14.9,13.8,7.2,14.5,28.2,46970,46970
448, ,82.5,2,dc,DC,10179,11693,494200,#N/A,#N/A,DC,4850905,331003,314503,296675,302710,319421,792871,719495,698096,300568,255570,308845,144881,66267,2826794,1.1,2.1,7.8,10.3,14.9,13.8,7.2,14.5,28.2,46970,46970
449,20782,183.75,4,dc,MD,2948,3240,291400,HYATTSVILLE,hyattsville,MD,217880,12744,14310,15640,14675,13536,27127,28433,34259,15427,12971,17178,7963,3617,120657,1.1,2,7.5,11.5,18.1,17.3,8.3,16.3,17.9,42511,42511
450,20712,90.25,4,dc,MD,8019,8991,341400,MOUNT RAINIER,mount rainier,MD,217880,12744,14310,15640,14675,13536,27127,28433,34259,15427,12971,17178,7963,3617,120657,1.1,2,7.5,11.5,18.1,17.3,8.3,16.3,17.9,42511,42511
451,20064,NA,2,dc,DC,10179,11693,494200,WASHINGTON,washington,DC,4850905,331003,314503,296675,302710,319421,792871,719495,698096,300568,255570,308845,144881,66267,2826794,1.1,2.1,7.8,10.3,14.9,13.8,7.2,14.5,28.2,46970,46970
452,20011,144.2562929,452,dc,DC,139,164,562100,WASHINGTON,washington,DC,4850905,331003,314503,296675,302710,319421,792871,719495,698096,300568,255570,308845,144881,66267,2826794,1.1,2.1,7.8,10.3,14.9,13.8,7.2,14.5,28.2,46970,46970
453,20010,158.3480084,487,dc,DC,2423,2663,663400,WASHINGTON,washington,DC,4850905,331003,314503,296675,302710,319421,792871,719495,698096,300568,255570,308845,144881,66267,2826794,1.1,2.1,7.8,10.3,14.9,13.8,7.2,14.5,28.2,46970,46970
454,20032,133.1315789,41,dc,DC,1577,1729,277000,WASHINGTON,washington,DC,4850905,331003,314503,296675,302710,319421,792871,719495,698096,300568,255570,308845,144881,66267,2826794,1.1,2.1,7.8,10.3,14.9,13.8,7.2,14.5,28.2,46970,46970
455,20020,127.875817,158,dc,DC,360,404,305700,WASHINGTON,washington,DC,4850905,331003,314503,296675,302710,319421,792871,719495,698096,300568,255570,308845,144881,66267,2826794,1.1,2.1,7.8,10.3,14.9,13.8,7.2,14.5,28.2,46970,46970
456,20019,119.4645161,157,dc,DC,203,233,294000,WASHINGTON,washington,DC,4850905,331003,314503,296675,302710,319421,792871,719495,698096,300568,255570,308845,144881,66267,2826794,1.1,2.1,7.8,10.3,14.9,13.8,7.2,14.5,28.2,46970,46970
457,20743,26.81818182,11,dc,MD,1690,1853,209600,CAPITOL HEIGHTS,capitol heights,MD,217880,12744,14310,15640,14675,13536,27127,28433,34259,15427,12971,17178,7963,3617,120657,1.1,2,7.5,11.5,18.1,17.3,8.3,16.3,17.9,42511,42511
458,20004,353,18,dc,DC,10883,12610,476300,WASHINGTON,washington,DC,4850905,331003,314503,296675,302710,319421,792871,719495,698096,300568,255570,308845,144881,66267,2826794,1.1,2.1,7.8,10.3,14.9,13.8,7.2,14.5,28.2,46970,46970
459,20268,365.9333333,15,dc,DC,10179,11693,494200,WASHINGTON,washington,DC,4850905,331003,314503,296675,302710,319421,792871,719495,698096,300568,255570,308845,144881,66267,2826794,1.1,2.1,7.8,10.3,14.9,13.8,7.2,14.5,28.2,46970,46970
460,20002,183.091443,1270,dc,DC,28,42,611500,WASHINGTON,washington,DC,4850905,331003,314503,296675,302710,319421,792871,719495,698096,300568,255570,308845,144881,66267,2826794,1.1,2.1,7.8,10.3,14.9,13.8,7.2,14.5,28.2,46970,46970
461,20006,175.1428571,28,dc,DC,10179,11693,494200,WASHINGTON,washington,DC,4850905,331003,314503,296675,302710,319421,792871,719495,698096,300568,255570,308845,144881,66267,2826794,1.1,2.1,7.8,10.3,14.9,13.8,7.2,14.5,28.2,46970,46970
462,20052,195,5,dc,DC,10179,11693,494200,WASHINGTON,washington,DC,4850905,331003,314503,296675,302710,319421,792871,719495,698096,300568,255570,308845,144881,66267,2826794,1.1,2.1,7.8,10.3,14.9,13.8,7.2,14.5,28.2,46970,46970
463,20229,309,1,dc,DC,10179,11693,494200,WASHINGTON,washington,DC,4850905,331003,314503,296675,302710,319421,792871,719495,698096,300568,255570,308845,144881,66267,2826794,1.1,2.1,7.8,10.3,14.9,13.8,7.2,14.5,28.2,46970,46970
464,20016,157.4230769,140,dc,DC,1886,2065,971600,WASHINGTON,washington,DC,4850905,331003,314503,296675,302710,319421,792871,719495,698096,300568,255570,308845,144881,66267,2826794,1.1,2.1,7.8,10.3,14.9,13.8,7.2,14.5,28.2,46970,46970
465,20007,208.7548747,380,dc,DC,2454,2695,951100,WASHINGTON,washington,DC,4850905,331003,314503,296675,302710,319421,792871,719495,698096,300568,255570,308845,144881,66267,2826794,1.1,2.1,7.8,10.3,14.9,13.8,7.2,14.5,28.2,46970,46970
466,20007-3413,179,1,dc,DC,10179,11693,494200,#N/A,#N/A,DC,4850905,331003,314503,296675,302710,319421,792871,719495,698096,300568,255570,308845,144881,66267,2826794,1.1,2.1,7.8,10.3,14.9,13.8,7.2,14.5,28.2,46970,46970
467,20372,120,1,dc,DC,10179,11693,494200,WASHINGTON,washington,DC,4850905,331003,314503,296675,302710,319421,792871,719495,698096,300568,255570,308845,144881,66267,2826794,1.1,2.1,7.8,10.3,14.9,13.8,7.2,14.5,28.2,46970,46970
468,20015,148.0877193,59,dc,DC,6077,6709,1005600,WASHINGTON,washington,DC,4850905,331003,314503,296675,302710,319421,792871,719495,698096,300568,255570,308845,144881,66267,2826794,1.1,2.1,7.8,10.3,14.9,13.8,7.2,14.5,28.2,46970,46970
469,20816,236.25,4,dc,MD,6178,6816,901900,BETHESDA,bethesda,MD,217880,12744,14310,15640,14675,13536,27127,28433,34259,15427,12971,17178,7963,3617,120657,1.1,2,7.5,11.5,18.1,17.3,8.3,16.3,17.9,42511,42511
470,20012,136.3225806,94,dc,DC,6589,7293,720400,WASHINGTON,washington,DC,4850905,331003,314503,296675,302710,319421,792871,719495,698096,300568,255570,308845,144881,66267,2826794,1.1,2.1,7.8,10.3,14.9,13.8,7.2,14.5,28.2,46970,46970
471,20912,153.3333333,3,dc,MD,4276,4714,470200,TAKOMA PARK,takoma park,MD,217880,12744,14310,15640,14675,13536,27127,28433,34259,15427,12971,17178,7963,3617,120657,1.1,2,7.5,11.5,18.1,17.3,8.3,16.3,17.9,42511,42511
472,20910,149,8,dc,MD,520,573,532700,SILVER SPRING,silver spring,MD,217880,12744,14310,15640,14675,13536,27127,28433,34259,15427,12971,17178,7963,3617,120657,1.1,2,7.5,11.5,18.1,17.3,8.3,16.3,17.9,42511,42511
473,20815,NA,1,dc,MD,2270,2491,879700,CHEVY CHASE,chevy chase,MD,217880,12744,14310,15640,14675,13536,27127,28433,34259,15427,12971,17178,7963,3617,120657,1.1,2,7.5,11.5,18.1,17.3,8.3,16.3,17.9,42511,42511
474,20781,750,1,dc,MD,7390,8229,315200,HYATTSVILLE,hyattsville,MD,217880,12744,14310,15640,14675,13536,27127,28433,34259,15427,12971,17178,7963,3617,120657,1.1,2,7.5,11.5,18.1,17.3,8.3,16.3,17.9,42511,42511
475,20748,65,2,dc,MD,1426,1571,253300,TEMPLE HILLS,temple hills,MD,217880,12744,14310,15640,14675,13536,27127,28433,34259,15427,12971,17178,7963,3617,120657,1.1,2,7.5,11.5,18.1,17.3,8.3,16.3,17.9,42511,42511
