"","X","zipcode","mean_price","number_price","metropolitan","state","ZHVI_rank","ZRI_rank","ZHVI_latest_value","X2016Q3_gdp","X2016Q3_per_capita","X2016.12_ur","City","population","X5_years_or_less","X5.9_years","X10.14_years","X15.19_years","X20.24_years","X25.34_years","X35.44_years","X45.54_years","X55.59_years","X60.64_years","X65.74_years","X75.84_years","X85_years_or_more","households","X.9.999_or_less","X.10.000..14.999","X.15.000..24.999","X.25.000..34.999","X.35.000..49.999","X.50.000..64.999","X.65.000..74.999","X.75.000..99.999","X.100.000_or_more","median_household_income","mean_household_income"
"56",57,"11226","85.2339688",577,"NYC","NY",9,12,658700,1494116,1208212638,6.7,"BROOKLYN",2929,206,197,150,168,171,256,278,402,344,141,378,160,78,1414,1.8,3.9,14.9,6.2,20.9,17.4,12.6,10,12.3,35625,35625
"336",337,"60637","72.82666667",75,"chicago","IL",423,472,149100,805876,673528303,3.6,"CHICAGO",8679933,556413,580438,587991,591545,582272,1271262,1185117,1211522,562259,476240,601252,324124,149498,4537934,1.5,3,12.5,14.2,18.5,15.1,7.2,12,16,34345,34345
"186",187,"11230","59.6",5,"NYC","NY",10179,11693,494200,1494116,1208212638,6.7,"BROOKLYN",2929,206,197,150,168,171,256,278,402,344,141,378,160,78,1414,1.8,3.9,14.9,6.2,20.9,17.4,12.6,10,12.3,35625,35625
"170",171,"11209","94.8125",48,"NYC","NY",10179,11693,494200,1494116,1208212638,6.7,"BROOKLYN",2929,206,197,150,168,171,256,278,402,344,141,378,160,78,1414,1.8,3.9,14.9,6.2,20.9,17.4,12.6,10,12.3,35625,35625
"296",297,"80221","96.04761905",21,"denver","CO",10179,11693,494200,325447,289503535,3,"DENVER",2844,180,126,216,670,1096,279,221,56,0,0,0,0,0,2263,2.5,76.3,2.8,2.4,5.8,4.3,4.1,1.8,0,11001,11001
"389",390,"60620","62.5",4,"chicago","IL",131,155,140000,805876,673528303,3.6,"CHICAGO",8679933,556413,580438,587991,591545,582272,1271262,1185117,1211522,562259,476240,601252,324124,149498,4537934,1.5,3,12.5,14.2,18.5,15.1,7.2,12,16,34345,34345
"242",243,"10463","93.90322581",31,"NYC","NY",10179,11693,494200,1494116,1208212638,6.7,"BRONX",2300,118,173,164,114,106,321,291,400,158,133,176,95,51,1182,0.4,3.8,23,12.9,21.3,20.6,7.9,5.7,4.4,27000,27000
"46",47,"11691","73.48717949",39,"NYC","NY",768,842,427600,1494116,1208212638,6.7,"FAR ROCKAWAY",2300,118,173,164,114,106,321,291,400,158,133,176,95,51,1182,0.4,3.8,23,12.9,21.3,20.6,7.9,5.7,4.4,27000,27000
"354",355,"60644","92.75",4,"chicago","IL",1610,1765,163300,805876,673528303,3.6,"CHICAGO",8679933,556413,580438,587991,591545,582272,1271262,1185117,1211522,562259,476240,601252,324124,149498,4537934,1.5,3,12.5,14.2,18.5,15.1,7.2,12,16,34345,34345
"433",434,"2139","190.1666667",6,"boston","MA",10179,11693,494200,505121,445450652,3.8,"CAMBRIDGE",14723,1156,1058,806,781,1210,2027,1469,1819,856,958,1370,743,470,7400,1.6,4,16.1,20.9,22.2,15.2,7.6,7.5,4.8,26766,26766
"207",208,"10026","130.0023529",426,"NYC","NY",10179,11693,494200,1494116,1208212638,6.7,"NEW YORK",2300,118,173,164,114,106,321,291,400,158,133,176,95,51,1182,0.4,3.8,23,12.9,21.3,20.6,7.9,5.7,4.4,27000,27000
"41",42,"10005","181.1465517",117,"NYC","NY",6829,7572,1269000,1494116,1208212638,6.7,"NEW YORK",2300,118,173,164,114,106,321,291,400,158,133,176,95,51,1182,0.4,3.8,23,12.9,21.3,20.6,7.9,5.7,4.4,27000,27000
"325",326,"80249","82.74074074",27,"denver","CO",10179,11693,494200,325447,289503535,3,"DENVER",2844,180,126,216,670,1096,279,221,56,0,0,0,0,0,2263,2.5,76.3,2.8,2.4,5.8,4.3,4.1,1.8,0,11001,11001
"205",206,"10037","121.9043478",115,"NYC","NY",10179,11693,494200,1494116,1208212638,6.7,"NEW YORK",2300,118,173,164,114,106,321,291,400,158,133,176,95,51,1182,0.4,3.8,23,12.9,21.3,20.6,7.9,5.7,4.4,27000,27000
"162",163,"11217","157.2186047",215,"NYC","NY",10179,11693,494200,1494116,1208212638,6.7,"BROOKLYN",2929,206,197,150,168,171,256,278,402,344,141,378,160,78,1414,1.8,3.9,14.9,6.2,20.9,17.4,12.6,10,12.3,35625,35625
"14",15,"11416","69",15,"NYC","NY",7467,8328,495500,1494116,1208212638,6.7,"OZONE PARK",2300,118,173,164,114,106,321,291,400,158,133,176,95,51,1182,0.4,3.8,23,12.9,21.3,20.6,7.9,5.7,4.4,27000,27000
"431",432,"2163","86.66666667",3,"boston","MA",10179,11693,494200,505121,445450652,3.8,"BOSTON",4311208,242795,243633,251064,291305,314663,641269,560973,632337,290308,245789,322442,181413,93217,2465334,1.1,1.8,7.3,11.6,18.2,16.4,8,14.2,21.4,40143,40143
"396",397,"2120","126.173913",115,"boston","MA",10179,11693,494200,505121,445450652,3.8,"ROXBURY CROSSING",12644,659,532,971,816,815,1453,1289,1879,958,1001,1237,705,329,5645,1.5,2.9,9.9,14.3,34,12.4,9.8,11.8,3.5,30319,30319
"345",346,"60614","174.4033333",301,"chicago","IL",3,4,415500,805876,673528303,3.6,"CHICAGO",8679933,556413,580438,587991,591545,582272,1271262,1185117,1211522,562259,476240,601252,324124,149498,4537934,1.5,3,12.5,14.2,18.5,15.1,7.2,12,16,34345,34345
"125",126,"10128","155.5195402",438,"NYC","NY",18,25,1318300,1494116,1208212638,6.7,"NEW YORK",2300,118,173,164,114,106,321,291,400,158,133,176,95,51,1182,0.4,3.8,23,12.9,21.3,20.6,7.9,5.7,4.4,27000,27000
"119",120,"11369","88.03846154",53,"NYC","NY",5328,5892,648600,1494116,1208212638,6.7,"EAST ELMHURST",2300,118,173,164,114,106,321,291,400,158,133,176,95,51,1182,0.4,3.8,23,12.9,21.3,20.6,7.9,5.7,4.4,27000,27000
"190",191,"11415","80.04",25,"NYC","NY",10179,11693,494200,1494116,1208212638,6.7,"KEW GARDENS",2300,118,173,164,114,106,321,291,400,158,133,176,95,51,1182,0.4,3.8,23,12.9,21.3,20.6,7.9,5.7,4.4,27000,27000
"115",116,"10453","51.5862069",29,"NYC","NY",10179,11693,494200,1494116,1208212638,6.7,"BRONX",2300,118,173,164,114,106,321,291,400,158,133,176,95,51,1182,0.4,3.8,23,12.9,21.3,20.6,7.9,5.7,4.4,27000,27000
"90",91,"11429","65.52173913",23,"NYC","NY",6470,7162,463400,1494116,1208212638,6.7,"QUEENS VILLAGE",2300,118,173,164,114,106,321,291,400,158,133,176,95,51,1182,0.4,3.8,23,12.9,21.3,20.6,7.9,5.7,4.4,27000,27000
"281",282,"10078","90",1,"NYC","NY",10179,11693,494200,1494116,1208212638,6.7,"#N/A",2300,118,173,164,114,106,321,291,400,158,133,176,95,51,1182,0.4,3.8,23,12.9,21.3,20.6,7.9,5.7,4.4,27000,27000
"443",444,"20001-4044","99",1,"dc","DC",10179,11693,494200,128063,51882666,4.3,"#N/A",4850905,331003,314503,296675,302710,319421,792871,719495,698096,300568,255570,308845,144881,66267,2826794,1.1,2.1,7.8,10.3,14.9,13.8,7.2,14.5,28.2,46970,46970
"187",188,"11229","55",1,"NYC","NY",10179,11693,494200,1494116,1208212638,6.7,"BROOKLYN",2929,206,197,150,168,171,256,278,402,344,141,378,160,78,1414,1.8,3.9,14.9,6.2,20.9,17.4,12.6,10,12.3,35625,35625
"128",129,"10028","153.46875",355,"NYC","NY",10179,157,494200,1494116,1208212638,6.7,"NEW YORK",2300,118,173,164,114,106,321,291,400,158,133,176,95,51,1182,0.4,3.8,23,12.9,21.3,20.6,7.9,5.7,4.4,27000,27000
"310",311,"80220","115.2987013",77,"denver","CO",10179,11693,494200,325447,289503535,3,"DENVER",2844,180,126,216,670,1096,279,221,56,0,0,0,0,0,2263,2.5,76.3,2.8,2.4,5.8,4.3,4.1,1.8,0,11001,11001
"58",59,"10013","229.2901408",363,"NYC","NY",1934,11693,3136700,1494116,1208212638,6.7,"NEW YORK",2300,118,173,164,114,106,321,291,400,158,133,176,95,51,1182,0.4,3.8,23,12.9,21.3,20.6,7.9,5.7,4.4,27000,27000
"284",285,"1m","59",1,"NYC","NY",10179,11693,494200,1494116,1208212638,6.7,"#N/A",2300,118,173,164,114,106,321,291,400,158,133,176,95,51,1182,0.4,3.8,23,12.9,21.3,20.6,7.9,5.7,4.4,27000,27000
"59",60,"11694","166",5,"NYC","NY",5456,6028,813700,1494116,1208212638,6.7,"ROCKAWAY PARK",2300,118,173,164,114,106,321,291,400,158,133,176,95,51,1182,0.4,3.8,23,12.9,21.3,20.6,7.9,5.7,4.4,27000,27000
"251",252,"11104","99.13483146",178,"NYC","NY",10179,3224,494200,1494116,1208212638,6.7,"SUNNYSIDE",18096,2530,1839,1532,1688,1604,2666,1845,1586,679,647,787,441,252,8230,2.4,7.3,34.1,24.9,13.1,8.4,1.2,2.3,6.3,17892,17892
"342",343,"60634","71.63636364",23,"chicago","IL",133,158,253200,805876,673528303,3.6,"CHICAGO",8679933,556413,580438,587991,591545,582272,1271262,1185117,1211522,562259,476240,601252,324124,149498,4537934,1.5,3,12.5,14.2,18.5,15.1,7.2,12,16,34345,34345
"376",377,"60636","85.22222222",9,"chicago","IL",3669,4027,82200,805876,673528303,3.6,"CHICAGO",8679933,556413,580438,587991,591545,582272,1271262,1185117,1211522,562259,476240,601252,324124,149498,4537934,1.5,3,12.5,14.2,18.5,15.1,7.2,12,16,34345,34345
"320",321,"80123","45",6,"denver","CO",10179,11693,494200,325447,289503535,3,"LITTLETON",3685,257,216,272,118,228,573,391,482,220,352,281,200,95,1808,3.8,2.5,17.3,18.8,34,11.2,1.8,4.5,6,25172,25172
"116",117,"11208","85.2125",80,"NYC","NY",268,303,454200,1494116,1208212638,6.7,"BROOKLYN",2929,206,197,150,168,171,256,278,402,344,141,378,160,78,1414,1.8,3.9,14.9,6.2,20.9,17.4,12.6,10,12.3,35625,35625
"249",250,"10017","258.907767",207,"NYC","NY",3261,3585,959500,1494116,1208212638,6.7,"NEW YORK",2300,118,173,164,114,106,321,291,400,158,133,176,95,51,1182,0.4,3.8,23,12.9,21.3,20.6,7.9,5.7,4.4,27000,27000
"24",25,"10305","118.5757576",34,"NYC","NY",2329,2555,483700,1494116,1208212638,6.7,"STATEN ISLAND",2300,118,173,164,114,106,321,291,400,158,133,176,95,51,1182,0.4,3.8,23,12.9,21.3,20.6,7.9,5.7,4.4,27000,27000
"429",430,"2127","185.4134078",180,"boston","MA",10179,11693,494200,505121,445450652,3.8,"BOSTON",4311208,242795,243633,251064,291305,314663,641269,560973,632337,290308,245789,322442,181413,93217,2465334,1.1,1.8,7.3,11.6,18.2,16.4,8,14.2,21.4,40143,40143
"106",107,"10029","115.1888412",700,"NYC","NY",10179,24,494200,1494116,1208212638,6.7,"NEW YORK",2300,118,173,164,114,106,321,291,400,158,133,176,95,51,1182,0.4,3.8,23,12.9,21.3,20.6,7.9,5.7,4.4,27000,27000
"96",97,"11215","145.3088023",693,"NYC","NY",88,110,1205200,1494116,1208212638,6.7,"BROOKLYN",2929,206,197,150,168,171,256,278,402,344,141,378,160,78,1414,1.8,3.9,14.9,6.2,20.9,17.4,12.6,10,12.3,35625,35625
"298",299,"80212","121.2952381",105,"denver","CO",10179,11693,494200,325447,289503535,3,"DENVER",2844,180,126,216,670,1096,279,221,56,0,0,0,0,0,2263,2.5,76.3,2.8,2.4,5.8,4.3,4.1,1.8,0,11001,11001
"182",183,"11004","67.5",2,"NYC","NY",10179,11693,494200,1494116,1208212638,6.7,"GLEN OAKS",2300,118,173,164,114,106,321,291,400,158,133,176,95,51,1182,0.4,3.8,23,12.9,21.3,20.6,7.9,5.7,4.4,27000,27000
"386",387,"60628","73",5,"chicago","IL",143,168,113900,805876,673528303,3.6,"CHICAGO",8679933,556413,580438,587991,591545,582272,1271262,1185117,1211522,562259,476240,601252,324124,149498,4537934,1.5,3,12.5,14.2,18.5,15.1,7.2,12,16,34345,34345
"17",18,"11418","94.52380952",21,"NYC","NY",4820,5322,527500,1494116,1208212638,6.7,"RICHMOND HILL",2300,118,173,164,114,106,321,291,400,158,133,176,95,51,1182,0.4,3.8,23,12.9,21.3,20.6,7.9,5.7,4.4,27000,27000
"407",408,"2118","208.5469388",247,"boston","MA",10179,11693,494200,505121,445450652,3.8,"BOSTON",4311208,242795,243633,251064,291305,314663,641269,560973,632337,290308,245789,322442,181413,93217,2465334,1.1,1.8,7.3,11.6,18.2,16.4,8,14.2,21.4,40143,40143
"335",336,"60615","92.69402985",134,"chicago","IL",338,378,188800,805876,673528303,3.6,"CHICAGO",8679933,556413,580438,587991,591545,582272,1271262,1185117,1211522,562259,476240,601252,324124,149498,4537934,1.5,3,12.5,14.2,18.5,15.1,7.2,12,16,34345,34345
"81",82,"10451","89.21276596",47,"NYC","NY",10179,710,494200,1494116,1208212638,6.7,"BRONX",2300,118,173,164,114,106,321,291,400,158,133,176,95,51,1182,0.4,3.8,23,12.9,21.3,20.6,7.9,5.7,4.4,27000,27000
"351",352,"60639","68.82352941",17,"chicago","IL",616,678,223300,805876,673528303,3.6,"CHICAGO",8679933,556413,580438,587991,591545,582272,1271262,1185117,1211522,562259,476240,601252,324124,149498,4537934,1.5,3,12.5,14.2,18.5,15.1,7.2,12,16,34345,34345
"123",124,"10037","115.4047619",42,"NYC","NY",10179,11693,494200,1494116,1208212638,6.7,"NEW YORK",2300,118,173,164,114,106,321,291,400,158,133,176,95,51,1182,0.4,3.8,23,12.9,21.3,20.6,7.9,5.7,4.4,27000,27000
"156",157,"11365","142.3333333",24,"NYC","NY",10179,11693,494200,1494116,1208212638,6.7,"FRESH MEADOWS",2300,118,173,164,114,106,321,291,400,158,133,176,95,51,1182,0.4,3.8,23,12.9,21.3,20.6,7.9,5.7,4.4,27000,27000
"414",415,"2129","213.1011236",90,"boston","MA",10179,11693,494200,505121,445450652,3.8,"CHARLESTOWN",7306,376,557,644,628,499,805,1160,1239,210,336,494,253,105,3507,1,2.7,21,24.9,26.9,11.9,6.4,3,2.2,26292,26292
"403",404,"2110","274.0769231",13,"boston","MA",10179,11693,494200,505121,445450652,3.8,"BOSTON",4311208,242795,243633,251064,291305,314663,641269,560973,632337,290308,245789,322442,181413,93217,2465334,1.1,1.8,7.3,11.6,18.2,16.4,8,14.2,21.4,40143,40143
"291",292,"11249
11249","60",1,"NYC","NY",10179,11693,494200,1494116,1208212638,6.7,"#N/A",2300,118,173,164,114,106,321,291,400,158,133,176,95,51,1182,0.4,3.8,23,12.9,21.3,20.6,7.9,5.7,4.4,27000,27000
"256",257,"10106","288.5",2,"NYC","NY",10179,11693,494200,1494116,1208212638,6.7,"NEW YORK",2300,118,173,164,114,106,321,291,400,158,133,176,95,51,1182,0.4,3.8,23,12.9,21.3,20.6,7.9,5.7,4.4,27000,27000
"98",99,"10314","109.1428571",14,"NYC","NY",85,107,493300,1494116,1208212638,6.7,"STATEN ISLAND",2300,118,173,164,114,106,321,291,400,158,133,176,95,51,1182,0.4,3.8,23,12.9,21.3,20.6,7.9,5.7,4.4,27000,27000
"220",221,"10452","68.17647059",17,"NYC","NY",10179,11693,494200,1494116,1208212638,6.7,"BRONX",2300,118,173,164,114,106,321,291,400,158,133,176,95,51,1182,0.4,3.8,23,12.9,21.3,20.6,7.9,5.7,4.4,27000,27000
"16",17,"11419","81.31818182",22,"NYC","NY",4662,5145,482300,1494116,1208212638,6.7,"SOUTH RICHMOND HILL",2300,118,173,164,114,106,321,291,400,158,133,176,95,51,1182,0.4,3.8,23,12.9,21.3,20.6,7.9,5.7,4.4,27000,27000
"241",242,"10461","60",2,"NYC","NY",10179,11693,494200,1494116,1208212638,6.7,"BRONX",2300,118,173,164,114,106,321,291,400,158,133,176,95,51,1182,0.4,3.8,23,12.9,21.3,20.6,7.9,5.7,4.4,27000,27000
"302",303,"80113","55",1,"denver","CO",10179,11693,494200,325447,289503535,3,"ENGLEWOOD",2844,180,126,216,670,1096,279,221,56,0,0,0,0,0,2263,2.5,76.3,2.8,2.4,5.8,4.3,4.1,1.8,0,11001,11001
"432",433,"2138","221.5",6,"boston","MA",10179,11693,494200,505121,445450652,3.8,"CAMBRIDGE",14723,1156,1058,806,781,1210,2027,1469,1819,856,958,1370,743,470,7400,1.6,4,16.1,20.9,22.2,15.2,7.6,7.5,4.8,26766,26766
"166",167,"11375","102.8235294",85,"NYC","NY",10179,11693,494200,1494116,1208212638,6.7,"FOREST HILLS",2300,118,173,164,114,106,321,291,400,158,133,176,95,51,1182,0.4,3.8,23,12.9,21.3,20.6,7.9,5.7,4.4,27000,27000
"449",450,"20712","90.25",4,"dc","MD",8019,8991,341400,376010,351273102,4.2,"MOUNT RAINIER",217880,12744,14310,15640,14675,13536,27127,28433,34259,15427,12971,17178,7963,3617,120657,1.1,2,7.5,11.5,18.1,17.3,8.3,16.3,17.9,42511,42511
"237",238,"11436","72.16666667",6,"NYC","NY",10179,11693,494200,1494116,1208212638,6.7,"JAMAICA",2300,118,173,164,114,106,321,291,400,158,133,176,95,51,1182,0.4,3.8,23,12.9,21.3,20.6,7.9,5.7,4.4,27000,27000
"353",354,"60302","40",3,"chicago","IL",1684,1847,356700,805876,673528303,3.6,"OAK PARK",3259,166,255,245,207,199,380,463,409,233,173,285,187,57,1258,0,1.2,24.1,28.4,25,16,0,4.2,1.1,28188,28188
"206",207,"10039","84.84615385",156,"NYC","NY",10179,11693,494200,1494116,1208212638,6.7,"NEW YORK",2300,118,173,164,114,106,321,291,400,158,133,176,95,51,1182,0.4,3.8,23,12.9,21.3,20.6,7.9,5.7,4.4,27000,27000
"52",53,"11238","124.4477186",1054,"NYC","NY",189,217,972000,1494116,1208212638,6.7,"BROOKLYN",2929,206,197,150,168,171,256,278,402,344,141,378,160,78,1414,1.8,3.9,14.9,6.2,20.9,17.4,12.6,10,12.3,35625,35625
"33",34,"11360","123.4444444",9,"NYC","NY",10179,5195,494200,1494116,1208212638,6.7,"BAYSIDE",2300,118,173,164,114,106,321,291,400,158,133,176,95,51,1182,0.4,3.8,23,12.9,21.3,20.6,7.9,5.7,4.4,27000,27000
"364",365,"60610","172.9716981",213,"chicago","IL",95,117,262300,805876,673528303,3.6,"CHICAGO",8679933,556413,580438,587991,591545,582272,1271262,1185117,1211522,562259,476240,601252,324124,149498,4537934,1.5,3,12.5,14.2,18.5,15.1,7.2,12,16,34345,34345
"328",329,"80230","63.57142857",7,"denver","CO",10179,11693,494200,325447,289503535,3,"DENVER",2844,180,126,216,670,1096,279,221,56,0,0,0,0,0,2263,2.5,76.3,2.8,2.4,5.8,4.3,4.1,1.8,0,11001,11001
"444",445,"20024","201.9403974",161,"dc","DC",5118,5653,396500,128063,51882666,4.3,"WASHINGTON",4850905,331003,314503,296675,302710,319421,792871,719495,698096,300568,255570,308845,144881,66267,2826794,1.1,2.1,7.8,10.3,14.9,13.8,7.2,14.5,28.2,46970,46970
"349",350,"60661","157.2340426",47,"chicago","IL",5336,5902,314700,805876,673528303,3.6,"CHICAGO",8679933,556413,580438,587991,591545,582272,1271262,1185117,1211522,562259,476240,601252,324124,149498,4537934,1.5,3,12.5,14.2,18.5,15.1,7.2,12,16,34345,34345
"398",399,"2215","209.4851064",236,"boston","MA",10179,11693,494200,505121,445450652,3.8,"BOSTON",4311208,242795,243633,251064,291305,314663,641269,560973,632337,290308,245789,322442,181413,93217,2465334,1.1,1.8,7.3,11.6,18.2,16.4,8,14.2,21.4,40143,40143
"309",310,"80207","145.5901639",61,"denver","CO",10179,11693,494200,325447,289503535,3,"DENVER",2844,180,126,216,670,1096,279,221,56,0,0,0,0,0,2263,2.5,76.3,2.8,2.4,5.8,4.3,4.1,1.8,0,11001,11001
"15",16,"11421","63.69444444",36,"NYC","NY",4461,4928,513800,1494116,1208212638,6.7,"WOODHAVEN",2300,118,173,164,114,106,321,291,400,158,133,176,95,51,1182,0.4,3.8,23,12.9,21.3,20.6,7.9,5.7,4.4,27000,27000
"303",304,"80216","105.5",14,"denver","CO",10179,11693,494200,325447,289503535,3,"DENVER",2844,180,126,216,670,1096,279,221,56,0,0,0,0,0,2263,2.5,76.3,2.8,2.4,5.8,4.3,4.1,1.8,0,11001,11001
"212",213,"10033","80",1,"NYC","NY",10179,11693,494200,1494116,1208212638,6.7,"NEW YORK",2300,118,173,164,114,106,321,291,400,158,133,176,95,51,1182,0.4,3.8,23,12.9,21.3,20.6,7.9,5.7,4.4,27000,27000
"218",219,"10024","159",1,"NYC","NY",10179,11693,494200,1494116,1208212638,6.7,"NEW YORK",2300,118,173,164,114,106,321,291,400,158,133,176,95,51,1182,0.4,3.8,23,12.9,21.3,20.6,7.9,5.7,4.4,27000,27000
"165",166,"11201","165.8958333",48,"NYC","NY",10179,11693,494200,1494116,1208212638,6.7,"BROOKLYN",2929,206,197,150,168,171,256,278,402,344,141,378,160,78,1414,1.8,3.9,14.9,6.2,20.9,17.4,12.6,10,12.3,35625,35625
"232",233,"11368","58",19,"NYC","NY",10179,11693,494200,1494116,1208212638,6.7,"CORONA",2300,118,173,164,114,106,321,291,400,158,133,176,95,51,1182,0.4,3.8,23,12.9,21.3,20.6,7.9,5.7,4.4,27000,27000
"138",139,"10003-8623","215",1,"NYC","NY",10179,11693,494200,1494116,1208212638,6.7,"#N/A",2300,118,173,164,114,106,321,291,400,158,133,176,95,51,1182,0.4,3.8,23,12.9,21.3,20.6,7.9,5.7,4.4,27000,27000
"388",389,"60629","73.21428571",14,"chicago","IL",34,48,160700,805876,673528303,3.6,"CHICAGO",8679933,556413,580438,587991,591545,582272,1271262,1185117,1211522,562259,476240,601252,324124,149498,4537934,1.5,3,12.5,14.2,18.5,15.1,7.2,12,16,34345,34345
"83",84,"10454","74.95833333",48,"NYC","NY",10179,11693,494200,1494116,1208212638,6.7,"BRONX",2300,118,173,164,114,106,321,291,400,158,133,176,95,51,1182,0.4,3.8,23,12.9,21.3,20.6,7.9,5.7,4.4,27000,27000
"263",264,"10302","123",7,"NYC","NY",6883,7627,415800,1494116,1208212638,6.7,"STATEN ISLAND",2300,118,173,164,114,106,321,291,400,158,133,176,95,51,1182,0.4,3.8,23,12.9,21.3,20.6,7.9,5.7,4.4,27000,27000
"282",283,"10069","241.0454545",23,"NYC","NY",8192,9183,1991500,1494116,1208212638,6.7,"NEW YORK",2300,118,173,164,114,106,321,291,400,158,133,176,95,51,1182,0.4,3.8,23,12.9,21.3,20.6,7.9,5.7,4.4,27000,27000
"198",199,"10002","321.8",6,"NYC","NY",10179,11693,494200,1494116,1208212638,6.7,"NEW YORK",2300,118,173,164,114,106,321,291,400,158,133,176,95,51,1182,0.4,3.8,23,12.9,21.3,20.6,7.9,5.7,4.4,27000,27000
"163",164,"11231","211",24,"NYC","NY",10179,11693,494200,1494116,1208212638,6.7,"BROOKLYN",2929,206,197,150,168,171,256,278,402,344,141,378,160,78,1414,1.8,3.9,14.9,6.2,20.9,17.4,12.6,10,12.3,35625,35625
"122",123,"10035","115.8648649",259,"NYC","NY",1917,2100,861900,1494116,1208212638,6.7,"NEW YORK",2300,118,173,164,114,106,321,291,400,158,133,176,95,51,1182,0.4,3.8,23,12.9,21.3,20.6,7.9,5.7,4.4,27000,27000
"466",467,"20372","120",1,"dc","DC",10179,11693,494200,128063,51882666,4.3,"WASHINGTON",4850905,331003,314503,296675,302710,319421,792871,719495,698096,300568,255570,308845,144881,66267,2826794,1.1,2.1,7.8,10.3,14.9,13.8,7.2,14.5,28.2,46970,46970
"51",52,"11216","100.1771824",1162,"NYC","NY",10179,519,494200,1494116,1208212638,6.7,"BROOKLYN",2929,206,197,150,168,171,256,278,402,344,141,378,160,78,1414,1.8,3.9,14.9,6.2,20.9,17.4,12.6,10,12.3,35625,35625
"368",369,"60657","170.8364611",375,"chicago","IL",2,2,329100,805876,673528303,3.6,"CHICAGO",8679933,556413,580438,587991,591545,582272,1271262,1185117,1211522,562259,476240,601252,324124,149498,4537934,1.5,3,12.5,14.2,18.5,15.1,7.2,12,16,34345,34345
"167",168,"11374","83.25",4,"NYC","NY",10179,11693,494200,1494116,1208212638,6.7,"REGO PARK",2300,118,173,164,114,106,321,291,400,158,133,176,95,51,1182,0.4,3.8,23,12.9,21.3,20.6,7.9,5.7,4.4,27000,27000
"276",277,"10111","450",1,"NYC","NY",10179,11693,494200,1494116,1208212638,6.7,"NEW YORK",2300,118,173,164,114,106,321,291,400,158,133,176,95,51,1182,0.4,3.8,23,12.9,21.3,20.6,7.9,5.7,4.4,27000,27000
"397",398,"2115","181.5508982",169,"boston","MA",10179,11693,494200,505121,445450652,3.8,"BOSTON",4311208,242795,243633,251064,291305,314663,641269,560973,632337,290308,245789,322442,181413,93217,2465334,1.1,1.8,7.3,11.6,18.2,16.4,8,14.2,21.4,40143,40143
"460",461,"20006","175.1428571",28,"dc","DC",10179,11693,494200,128063,51882666,4.3,"WASHINGTON",4850905,331003,314503,296675,302710,319421,792871,719495,698096,300568,255570,308845,144881,66267,2826794,1.1,2.1,7.8,10.3,14.9,13.8,7.2,14.5,28.2,46970,46970
"80",81,"11231","169.01",303,"NYC","NY",2018,2214,1266500,1494116,1208212638,6.7,"BROOKLYN",2929,206,197,150,168,171,256,278,402,344,141,378,160,78,1414,1.8,3.9,14.9,6.2,20.9,17.4,12.6,10,12.3,35625,35625
"192",193,"10308","72",3,"NYC","NY",10179,11693,494200,1494116,1208212638,6.7,"STATEN ISLAND",2300,118,173,164,114,106,321,291,400,158,133,176,95,51,1182,0.4,3.8,23,12.9,21.3,20.6,7.9,5.7,4.4,27000,27000
"405",406,"2108","230.3611111",72,"boston","MA",10179,11693,494200,505121,445450652,3.8,"BOSTON",4311208,242795,243633,251064,291305,314663,641269,560973,632337,290308,245789,322442,181413,93217,2465334,1.1,1.8,7.3,11.6,18.2,16.4,8,14.2,21.4,40143,40143
"262",263,"11428","42",6,"NYC","NY",6941,7696,495000,1494116,1208212638,6.7,"QUEENS VILLAGE",2300,118,173,164,114,106,321,291,400,158,133,176,95,51,1182,0.4,3.8,23,12.9,21.3,20.6,7.9,5.7,4.4,27000,27000
"68",69,"11234","119.2972973",37,"NYC","NY",66,85,563800,1494116,1208212638,6.7,"BROOKLYN",2929,206,197,150,168,171,256,278,402,344,141,378,160,78,1414,1.8,3.9,14.9,6.2,20.9,17.4,12.6,10,12.3,35625,35625
"29",30,"11103-3233","59",1,"NYC","NY",10179,11693,494200,1494116,1208212638,6.7,"#N/A",2300,118,173,164,114,106,321,291,400,158,133,176,95,51,1182,0.4,3.8,23,12.9,21.3,20.6,7.9,5.7,4.4,27000,27000
"223",224,"11412","65",1,"NYC","NY",10179,11693,494200,1494116,1208212638,6.7,"SAINT ALBANS",2300,118,173,164,114,106,321,291,400,158,133,176,95,51,1182,0.4,3.8,23,12.9,21.3,20.6,7.9,5.7,4.4,27000,27000
"226",227,"11364","450",1,"NYC","NY",10179,11693,494200,1494116,1208212638,6.7,"OAKLAND GARDENS",2300,118,173,164,114,106,321,291,400,158,133,176,95,51,1182,0.4,3.8,23,12.9,21.3,20.6,7.9,5.7,4.4,27000,27000
"65",66,"11219","63.93617021",47,"NYC","NY",327,366,910000,1494116,1208212638,6.7,"BROOKLYN",2929,206,197,150,168,171,256,278,402,344,141,378,160,78,1414,1.8,3.9,14.9,6.2,20.9,17.4,12.6,10,12.3,35625,35625
"127",128,"10030","76",4,"NYC","NY",10179,3274,494200,1494116,1208212638,6.7,"NEW YORK",2300,118,173,164,114,106,321,291,400,158,133,176,95,51,1182,0.4,3.8,23,12.9,21.3,20.6,7.9,5.7,4.4,27000,27000
"13",14,"11417","101.6363636",11,"NYC","NY",5658,6243,496200,1494116,1208212638,6.7,"OZONE PARK",2300,118,173,164,114,106,321,291,400,158,133,176,95,51,1182,0.4,3.8,23,12.9,21.3,20.6,7.9,5.7,4.4,27000,27000
"160",161,"11435","77.33333333",15,"NYC","NY",10179,11693,494200,1494116,1208212638,6.7,"JAMAICA",2300,118,173,164,114,106,321,291,400,158,133,176,95,51,1182,0.4,3.8,23,12.9,21.3,20.6,7.9,5.7,4.4,27000,27000
"60",61,"11001","106.6666667",3,"NYC","NY",4998,5524,587700,1494116,1208212638,6.7,"FLORAL PARK",2300,118,173,164,114,106,321,291,400,158,133,176,95,51,1182,0.4,3.8,23,12.9,21.3,20.6,7.9,5.7,4.4,27000,27000
"462",463,"20229","309",1,"dc","DC",10179,11693,494200,128063,51882666,4.3,"WASHINGTON",4850905,331003,314503,296675,302710,319421,792871,719495,698096,300568,255570,308845,144881,66267,2826794,1.1,2.1,7.8,10.3,14.9,13.8,7.2,14.5,28.2,46970,46970
"280",281,"10024","194.738041",444,"NYC","NY",10179,58,494200,1494116,1208212638,6.7,"NEW YORK",2300,118,173,164,114,106,321,291,400,158,133,176,95,51,1182,0.4,3.8,23,12.9,21.3,20.6,7.9,5.7,4.4,27000,27000
"229",230,"10474","52.25",4,"NYC","NY",10179,11693,494200,1494116,1208212638,6.7,"BRONX",2300,118,173,164,114,106,321,291,400,158,133,176,95,51,1182,0.4,3.8,23,12.9,21.3,20.6,7.9,5.7,4.4,27000,27000
"57",58,"11207","81.34971098",347,"NYC","NY",69,88,376700,1494116,1208212638,6.7,"BROOKLYN",2929,206,197,150,168,171,256,278,402,344,141,378,160,78,1414,1.8,3.9,14.9,6.2,20.9,17.4,12.6,10,12.3,35625,35625
"394",395,"2130","138.7462236",331,"boston","MA",10179,11693,494200,505121,445450652,3.8,"JAMAICA PLAIN",12644,659,532,971,816,815,1453,1289,1879,958,1001,1237,705,329,5645,1.5,2.9,9.9,14.3,34,12.4,9.8,11.8,3.5,30319,30319
"209",210,"10032","85.8",25,"NYC","NY",10179,11693,494200,1494116,1208212638,6.7,"NEW YORK",2300,118,173,164,114,106,321,291,400,158,133,176,95,51,1182,0.4,3.8,23,12.9,21.3,20.6,7.9,5.7,4.4,27000,27000
"426",427,"2136","88.79310345",29,"boston","MA",10179,11693,494200,505121,445450652,3.8,"HYDE PARK",12644,659,532,971,816,815,1453,1289,1879,958,1001,1237,705,329,5645,1.5,2.9,9.9,14.3,34,12.4,9.8,11.8,3.5,30319,30319
"373",374,"60827","35",1,"chicago","IL",3840,4225,67600,805876,673528303,3.6,"RIVERDALE",3694,400,463,312,258,330,637,357,171,249,145,243,80,49,1358,0,5,29.2,27.2,23,8.7,4.6,2.3,0,22759,22759
"141",142,"10279","480",1,"NYC","NY",10179,11693,494200,1494116,1208212638,6.7,"NEW YORK",2300,118,173,164,114,106,321,291,400,158,133,176,95,51,1182,0.4,3.8,23,12.9,21.3,20.6,7.9,5.7,4.4,27000,27000
"464",465,"20007","208.7548747",380,"dc","DC",2454,2695,951100,128063,51882666,4.3,"WASHINGTON",4850905,331003,314503,296675,302710,319421,792871,719495,698096,300568,255570,308845,144881,66267,2826794,1.1,2.1,7.8,10.3,14.9,13.8,7.2,14.5,28.2,46970,46970
"356",357,"60607","117.4888889",90,"chicago","IL",2248,2467,323300,805876,673528303,3.6,"CHICAGO",8679933,556413,580438,587991,591545,582272,1271262,1185117,1211522,562259,476240,601252,324124,149498,4537934,1.5,3,12.5,14.2,18.5,15.1,7.2,12,16,34345,34345
"377",378,"60621","42.34375",32,"chicago","IL",3298,3625,91300,805876,673528303,3.6,"CHICAGO",8679933,556413,580438,587991,591545,582272,1271262,1185117,1211522,562259,476240,601252,324124,149498,4537934,1.5,3,12.5,14.2,18.5,15.1,7.2,12,16,34345,34345
"214",215,"10019","180.5399129",690,"NYC","NY",10179,11693,494200,1494116,1208212638,6.7,"NEW YORK",2300,118,173,164,114,106,321,291,400,158,133,176,95,51,1182,0.4,3.8,23,12.9,21.3,20.6,7.9,5.7,4.4,27000,27000
"317",318,"80014","110",2,"denver","CO",10179,11693,494200,325447,289503535,3,"AURORA",8256,557,751,571,586,525,1066,998,1086,555,294,621,463,183,3981,0.8,6.5,25.4,26.8,16.9,15.4,5,1.3,2,22547,22547
"164",165,"11215","131.6049383",81,"NYC","NY",10179,11693,494200,1494116,1208212638,6.7,"BROOKLYN",2929,206,197,150,168,171,256,278,402,344,141,378,160,78,1414,1.8,3.9,14.9,6.2,20.9,17.4,12.6,10,12.3,35625,35625
"20",21,"10468","68.52941176",17,"NYC","NY",10179,11693,494200,1494116,1208212638,6.7,"BRONX",2300,118,173,164,114,106,321,291,400,158,133,176,95,51,1182,0.4,3.8,23,12.9,21.3,20.6,7.9,5.7,4.4,27000,27000
"101",102,"10010","295.8913043",94,"NYC","NY",10179,834,494200,1494116,1208212638,6.7,"NEW YORK",2300,118,173,164,114,106,321,291,400,158,133,176,95,51,1182,0.4,3.8,23,12.9,21.3,20.6,7.9,5.7,4.4,27000,27000
"86",87,"11385","76.68458781",279,"NYC","NY",121,144,644100,1494116,1208212638,6.7,"RIDGEWOOD",2300,118,173,164,114,106,321,291,400,158,133,176,95,51,1182,0.4,3.8,23,12.9,21.3,20.6,7.9,5.7,4.4,27000,27000
"38",39,"10282","250.2307692",13,"NYC","NY",10179,11693,494200,1494116,1208212638,6.7,"NEW YORK",2300,118,173,164,114,106,321,291,400,158,133,176,95,51,1182,0.4,3.8,23,12.9,21.3,20.6,7.9,5.7,4.4,27000,27000
"275",276,"11433","67.5",2,"NYC","NY",4734,5221,440300,1494116,1208212638,6.7,"JAMAICA",2300,118,173,164,114,106,321,291,400,158,133,176,95,51,1182,0.4,3.8,23,12.9,21.3,20.6,7.9,5.7,4.4,27000,27000
"27",28,"11377","82.13567839",199,"NYC","NY",63,82,530000,1494116,1208212638,6.7,"WOODSIDE",2300,118,173,164,114,106,321,291,400,158,133,176,95,51,1182,0.4,3.8,23,12.9,21.3,20.6,7.9,5.7,4.4,27000,27000
"274",275,"11434","70.88235294",17,"NYC","NY",702,773,439500,1494116,1208212638,6.7,"JAMAICA",2300,118,173,164,114,106,321,291,400,158,133,176,95,51,1182,0.4,3.8,23,12.9,21.3,20.6,7.9,5.7,4.4,27000,27000
"153",154,"11366","104.5",2,"NYC","NY",7749,8663,848700,1494116,1208212638,6.7,"FRESH MEADOWS",2300,118,173,164,114,106,321,291,400,158,133,176,95,51,1182,0.4,3.8,23,12.9,21.3,20.6,7.9,5.7,4.4,27000,27000
"395",396,"2119","126.11",100,"boston","MA",10179,11693,494200,505121,445450652,3.8,"ROXBURY",12644,659,532,971,816,815,1453,1289,1879,958,1001,1237,705,329,5645,1.5,2.9,9.9,14.3,34,12.4,9.8,11.8,3.5,30319,30319
"285",286,"10470","67.5",6,"NYC","NY",6697,7425,430700,1494116,1208212638,6.7,"BRONX",2300,118,173,164,114,106,321,291,400,158,133,176,95,51,1182,0.4,3.8,23,12.9,21.3,20.6,7.9,5.7,4.4,27000,27000
"323",324,"80110","40",1,"denver","CO",10179,11693,494200,325447,289503535,3,"ENGLEWOOD",2844,180,126,216,670,1096,279,221,56,0,0,0,0,0,2263,2.5,76.3,2.8,2.4,5.8,4.3,4.1,1.8,0,11001,11001
"124",125,"10027","94.77981651",218,"NYC","NY",10179,208,494200,1494116,1208212638,6.7,"NEW YORK",2300,118,173,164,114,106,321,291,400,158,133,176,95,51,1182,0.4,3.8,23,12.9,21.3,20.6,7.9,5.7,4.4,27000,27000
"410",411,"2210","263.8082192",75,"boston","MA",10179,11693,494200,505121,445450652,3.8,"BOSTON",4311208,242795,243633,251064,291305,314663,641269,560973,632337,290308,245789,322442,181413,93217,2465334,1.1,1.8,7.3,11.6,18.2,16.4,8,14.2,21.4,40143,40143
"79",80,"11203","96.0483871",124,"NYC","NY",366,409,484700,1494116,1208212638,6.7,"BROOKLYN",2929,206,197,150,168,171,256,278,402,344,141,378,160,78,1414,1.8,3.9,14.9,6.2,20.9,17.4,12.6,10,12.3,35625,35625
"344",345,"60622","125.3854875",443,"chicago","IL",297,334,416100,805876,673528303,3.6,"CHICAGO",8679933,556413,580438,587991,591545,582272,1271262,1185117,1211522,562259,476240,601252,324124,149498,4537934,1.5,3,12.5,14.2,18.5,15.1,7.2,12,16,34345,34345
"436",437,"20009","184.3010578",1270,"dc","DC",27,41,564000,128063,51882666,4.3,"WASHINGTON",4850905,331003,314503,296675,302710,319421,792871,719495,698096,300568,255570,308845,144881,66267,2826794,1.1,2.1,7.8,10.3,14.9,13.8,7.2,14.5,28.2,46970,46970
"224",225,"11423","79",14,"NYC","NY",10179,11693,494200,1494116,1208212638,6.7,"HOLLIS",2300,118,173,164,114,106,321,291,400,158,133,176,95,51,1182,0.4,3.8,23,12.9,21.3,20.6,7.9,5.7,4.4,27000,27000
"413",414,"2128","119.6849315",146,"boston","MA",10179,11693,494200,505121,445450652,3.8,"BOSTON",4311208,242795,243633,251064,291305,314663,641269,560973,632337,290308,245789,322442,181413,93217,2465334,1.1,1.8,7.3,11.6,18.2,16.4,8,14.2,21.4,40143,40143
"105",106,"10036","238.3529412",86,"NYC","NY",10179,719,494200,1494116,1208212638,6.7,"NEW YORK",2300,118,173,164,114,106,321,291,400,158,133,176,95,51,1182,0.4,3.8,23,12.9,21.3,20.6,7.9,5.7,4.4,27000,27000
"118",119,"11363","68",1,"NYC","NY",9200,10470,947000,1494116,1208212638,6.7,"LITTLE NECK",2300,118,173,164,114,106,321,291,400,158,133,176,95,51,1182,0.4,3.8,23,12.9,21.3,20.6,7.9,5.7,4.4,27000,27000
"26",27,"11101","112.18",300,"NYC","NY",1976,2164,849700,1494116,1208212638,6.7,"LONG ISLAND CITY",2300,118,173,164,114,106,321,291,400,158,133,176,95,51,1182,0.4,3.8,23,12.9,21.3,20.6,7.9,5.7,4.4,27000,27000
"360",361,"60605","174.13",103,"chicago","IL",1528,1678,312300,805876,673528303,3.6,"CHICAGO",8679933,556413,580438,587991,591545,582272,1271262,1185117,1211522,562259,476240,601252,324124,149498,4537934,1.5,3,12.5,14.2,18.5,15.1,7.2,12,16,34345,34345
"197",198,"10014","187.625",16,"NYC","NY",10179,11693,494200,1494116,1208212638,6.7,"NEW YORK",2300,118,173,164,114,106,321,291,400,158,133,176,95,51,1182,0.4,3.8,23,12.9,21.3,20.6,7.9,5.7,4.4,27000,27000
"55",56,"11237","79.51787774",868,"NYC","NY",10179,1889,494200,1494116,1208212638,6.7,"BROOKLYN",2929,206,197,150,168,171,256,278,402,344,141,378,160,78,1414,1.8,3.9,14.9,6.2,20.9,17.4,12.6,10,12.3,35625,35625
"179",180,"10303","143.3333333",3,"NYC","NY",10179,11693,494200,1494116,1208212638,6.7,"STATEN ISLAND",2300,118,173,164,114,106,321,291,400,158,133,176,95,51,1182,0.4,3.8,23,12.9,21.3,20.6,7.9,5.7,4.4,27000,27000
"130",131,"10459","69.9",10,"NYC","NY",1248,1385,348700,1494116,1208212638,6.7,"BRONX",2300,118,173,164,114,106,321,291,400,158,133,176,95,51,1182,0.4,3.8,23,12.9,21.3,20.6,7.9,5.7,4.4,27000,27000
"67",68,"11236","127.0131579",76,"NYC","NY",10179,181,494200,1494116,1208212638,6.7,"BROOKLYN",2929,206,197,150,168,171,256,278,402,344,141,378,160,78,1414,1.8,3.9,14.9,6.2,20.9,17.4,12.6,10,12.3,35625,35625
"176",177,"10011","249.7466667",78,"NYC","NY",10179,11693,494200,1494116,1208212638,6.7,"NEW YORK",2300,118,173,164,114,106,321,291,400,158,133,176,95,51,1182,0.4,3.8,23,12.9,21.3,20.6,7.9,5.7,4.4,27000,27000
"361",362,"60633","154",3,"chicago","IL",7514,8382,114700,805876,673528303,3.6,"CHICAGO",8679933,556413,580438,587991,591545,582272,1271262,1185117,1211522,562259,476240,601252,324124,149498,4537934,1.5,3,12.5,14.2,18.5,15.1,7.2,12,16,34345,34345
"145",146,"10281","150",1,"NYC","NY",10179,11693,494200,1494116,1208212638,6.7,"NEW YORK",2300,118,173,164,114,106,321,291,400,158,133,176,95,51,1182,0.4,3.8,23,12.9,21.3,20.6,7.9,5.7,4.4,27000,27000
"469",470,"20012","136.3225806",94,"dc","DC",6589,7293,720400,128063,51882666,4.3,"WASHINGTON",4850905,331003,314503,296675,302710,319421,792871,719495,698096,300568,255570,308845,144881,66267,2826794,1.1,2.1,7.8,10.3,14.9,13.8,7.2,14.5,28.2,46970,46970
"196",197,"10012","199.0794393",215,"NYC","NY",10179,11693,494200,1494116,1208212638,6.7,"NEW YORK",2300,118,173,164,114,106,321,291,400,158,133,176,95,51,1182,0.4,3.8,23,12.9,21.3,20.6,7.9,5.7,4.4,27000,27000
"155",156,"11354","74.5",39,"NYC","NY",10179,11693,494200,1494116,1208212638,6.7,"FLUSHING",2300,118,173,164,114,106,321,291,400,158,133,176,95,51,1182,0.4,3.8,23,12.9,21.3,20.6,7.9,5.7,4.4,27000,27000
"233",234,"11373","57",2,"NYC","NY",10179,11693,494200,1494116,1208212638,6.7,"ELMHURST",2300,118,173,164,114,106,321,291,400,158,133,176,95,51,1182,0.4,3.8,23,12.9,21.3,20.6,7.9,5.7,4.4,27000,27000
"104",105,"10119","NA",1,"NYC","NY",10179,11693,494200,1494116,1208212638,6.7,"NEW YORK",2300,118,173,164,114,106,321,291,400,158,133,176,95,51,1182,0.4,3.8,23,12.9,21.3,20.6,7.9,5.7,4.4,27000,27000
"384",385,"60624","54.61111111",36,"chicago","IL",3015,3316,157300,805876,673528303,3.6,"CHICAGO",8679933,556413,580438,587991,591545,582272,1271262,1185117,1211522,562259,476240,601252,324124,149498,4537934,1.5,3,12.5,14.2,18.5,15.1,7.2,12,16,34345,34345
"70",71,"11201","160.0479616",419,"NYC","NY",39,53,1116300,1494116,1208212638,6.7,"BROOKLYN",2929,206,197,150,168,171,256,278,402,344,141,378,160,78,1414,1.8,3.9,14.9,6.2,20.9,17.4,12.6,10,12.3,35625,35625
"372",373,"60617","36.64285714",14,"chicago","IL",71,90,119600,805876,673528303,3.6,"CHICAGO",8679933,556413,580438,587991,591545,582272,1271262,1185117,1211522,562259,476240,601252,324124,149498,4537934,1.5,3,12.5,14.2,18.5,15.1,7.2,12,16,34345,34345
"315",316,"80236","90.125",8,"denver","CO",10179,11693,494200,325447,289503535,3,"DENVER",2844,180,126,216,670,1096,279,221,56,0,0,0,0,0,2263,2.5,76.3,2.8,2.4,5.8,4.3,4.1,1.8,0,11001,11001
"319",320,"80203","116.4904762",212,"denver","CO",10179,11693,494200,325447,289503535,3,"DENVER",2844,180,126,216,670,1096,279,221,56,0,0,0,0,0,2263,2.5,76.3,2.8,2.4,5.8,4.3,4.1,1.8,0,11001,11001
"219",220,"10023","150",1,"NYC","NY",10179,11693,494200,1494116,1208212638,6.7,"NEW YORK",2300,118,173,164,114,106,321,291,400,158,133,176,95,51,1182,0.4,3.8,23,12.9,21.3,20.6,7.9,5.7,4.4,27000,27000
"401",402,"2109","238.9411765",51,"boston","MA",10179,11693,494200,505121,445450652,3.8,"BOSTON",4311208,242795,243633,251064,291305,314663,641269,560973,632337,290308,245789,322442,181413,93217,2465334,1.1,1.8,7.3,11.6,18.2,16.4,8,14.2,21.4,40143,40143
"461",462,"20052","195",5,"dc","DC",10179,11693,494200,128063,51882666,4.3,"WASHINGTON",4850905,331003,314503,296675,302710,319421,792871,719495,698096,300568,255570,308845,144881,66267,2826794,1.1,2.1,7.8,10.3,14.9,13.8,7.2,14.5,28.2,46970,46970
"34",35,"11361","113.3809524",21,"NYC","NY",4272,4709,797000,1494116,1208212638,6.7,"BAYSIDE",2300,118,173,164,114,106,321,291,400,158,133,176,95,51,1182,0.4,3.8,23,12.9,21.3,20.6,7.9,5.7,4.4,27000,27000
"193",194,"10312","92",3,"NYC","NY",10179,11693,494200,1494116,1208212638,6.7,"STATEN ISLAND",2300,118,173,164,114,106,321,291,400,158,133,176,95,51,1182,0.4,3.8,23,12.9,21.3,20.6,7.9,5.7,4.4,27000,27000
"428",429,"2169","25",1,"boston","MA",10179,11693,494200,505121,445450652,3.8,"QUINCY",9202,555,690,712,567,566,1202,1238,1201,444,663,823,345,196,3359,3.5,8.1,27.7,29.2,17.3,4.9,3.9,1.1,4.3,24423,24423
"195",196,"11211","162.7021277",47,"NYC","NY",10179,11693,494200,1494116,1208212638,6.7,"BROOKLYN",2929,206,197,150,168,171,256,278,402,344,141,378,160,78,1414,1.8,3.9,14.9,6.2,20.9,17.4,12.6,10,12.3,35625,35625
"194",195,"11222","120.972973",925,"NYC","NY",10179,11693,494200,1494116,1208212638,6.7,"BROOKLYN",2929,206,197,150,168,171,256,278,402,344,141,378,160,78,1414,1.8,3.9,14.9,6.2,20.9,17.4,12.6,10,12.3,35625,35625
"159",160,"11366","142.25",4,"NYC","NY",10179,11693,494200,1494116,1208212638,6.7,"FRESH MEADOWS",2300,118,173,164,114,106,321,291,400,158,133,176,95,51,1182,0.4,3.8,23,12.9,21.3,20.6,7.9,5.7,4.4,27000,27000
"451",452,"20011","144.2562929",452,"dc","DC",139,164,562100,128063,51882666,4.3,"WASHINGTON",4850905,331003,314503,296675,302710,319421,792871,719495,698096,300568,255570,308845,144881,66267,2826794,1.1,2.1,7.8,10.3,14.9,13.8,7.2,14.5,28.2,46970,46970
"5",5,"11105","97.61038961",231,"NYC","NY",2540,2790,804600,1494116,1208212638,6.7,"ASTORIA",14375,821,938,793,835,907,2130,1767,1697,1106,991,1283,639,468,7686,3.1,4.3,15.2,21.3,21.7,16.6,4.6,8.4,4.8,25608,25608
"392",393,"60805","30",1,"chicago","IL",5677,6264,178200,805876,673528303,3.6,"EVERGREEN PARK",3259,166,255,245,207,199,380,463,409,233,173,285,187,57,1258,0,1.2,24.1,28.4,25,16,0,4.2,1.1,28188,28188
"177",178,"10016","186.8388889",366,"NYC","NY",10179,11693,494200,1494116,1208212638,6.7,"NEW YORK",2300,118,173,164,114,106,321,291,400,158,133,176,95,51,1182,0.4,3.8,23,12.9,21.3,20.6,7.9,5.7,4.4,27000,27000
"72",73,"11218","123.1517857",114,"NYC","NY",10179,267,494200,1494116,1208212638,6.7,"BROOKLYN",2929,206,197,150,168,171,256,278,402,344,141,378,160,78,1414,1.8,3.9,14.9,6.2,20.9,17.4,12.6,10,12.3,35625,35625
"422",423,"2134","108.8362069",232,"boston","MA",10179,11693,494200,505121,445450652,3.8,"ALLSTON",12644,659,532,971,816,815,1453,1289,1879,958,1001,1237,705,329,5645,1.5,2.9,9.9,14.3,34,12.4,9.8,11.8,3.5,30319,30319
"313",314,"80209","145",111,"denver","CO",10179,11693,494200,325447,289503535,3,"DENVER",2844,180,126,216,670,1096,279,221,56,0,0,0,0,0,2263,2.5,76.3,2.8,2.4,5.8,4.3,4.1,1.8,0,11001,11001
"227",228,"11414","98.375",8,"NYC","NY",10179,11693,494200,1494116,1208212638,6.7,"HOWARD BEACH",2300,118,173,164,114,106,321,291,400,158,133,176,95,51,1182,0.4,3.8,23,12.9,21.3,20.6,7.9,5.7,4.4,27000,27000
"288",289,"10039","127",2,"NYC","NY",10179,3613,494200,1494116,1208212638,6.7,"NEW YORK",2300,118,173,164,114,106,321,291,400,158,133,176,95,51,1182,0.4,3.8,23,12.9,21.3,20.6,7.9,5.7,4.4,27000,27000
"357",358,"60608","78.46153846",234,"chicago","IL",468,518,231900,805876,673528303,3.6,"CHICAGO",8679933,556413,580438,587991,591545,582272,1271262,1185117,1211522,562259,476240,601252,324124,149498,4537934,1.5,3,12.5,14.2,18.5,15.1,7.2,12,16,34345,34345
"148",149,"11355","77.25806452",31,"NYC","NY",10179,100,494200,1494116,1208212638,6.7,"FLUSHING",2300,118,173,164,114,106,321,291,400,158,133,176,95,51,1182,0.4,3.8,23,12.9,21.3,20.6,7.9,5.7,4.4,27000,27000
"42",43,"10033","86.33703704",270,"NYC","NY",10179,691,494200,1494116,1208212638,6.7,"NEW YORK",2300,118,173,164,114,106,321,291,400,158,133,176,95,51,1182,0.4,3.8,23,12.9,21.3,20.6,7.9,5.7,4.4,27000,27000
"73",74,"11210","84.25",96,"NYC","NY",630,695,757400,1494116,1208212638,6.7,"BROOKLYN",2929,206,197,150,168,171,256,278,402,344,141,378,160,78,1414,1.8,3.9,14.9,6.2,20.9,17.4,12.6,10,12.3,35625,35625
"425",426,"2467","80.4",5,"boston","MA",10179,11693,494200,505121,445450652,3.8,"CHESTNUT HILL",12644,659,532,971,816,815,1453,1289,1879,958,1001,1237,705,329,5645,1.5,2.9,9.9,14.3,34,12.4,9.8,11.8,3.5,30319,30319
"359",360,"60616","130.3223684",152,"chicago","IL",258,292,244700,805876,673528303,3.6,"CHICAGO",8679933,556413,580438,587991,591545,582272,1271262,1185117,1211522,562259,476240,601252,324124,149498,4537934,1.5,3,12.5,14.2,18.5,15.1,7.2,12,16,34345,34345
"343",344,"60647","112.6441048",461,"chicago","IL",13,18,335400,805876,673528303,3.6,"CHICAGO",8679933,556413,580438,587991,591545,582272,1271262,1185117,1211522,562259,476240,601252,324124,149498,4537934,1.5,3,12.5,14.2,18.5,15.1,7.2,12,16,34345,34345
"22",23,"11357","173.75",4,"NYC","NY",2364,2594,818700,1494116,1208212638,6.7,"WHITESTONE",2300,118,173,164,114,106,321,291,400,158,133,176,95,51,1182,0.4,3.8,23,12.9,21.3,20.6,7.9,5.7,4.4,27000,27000
"306",307,"80206","119.8680556",144,"denver","CO",10179,11693,494200,325447,289503535,3,"DENVER",2844,180,126,216,670,1096,279,221,56,0,0,0,0,0,2263,2.5,76.3,2.8,2.4,5.8,4.3,4.1,1.8,0,11001,11001
"6",6,"11102","97.33984375",256,"NYC","NY",10179,2137,494200,1494116,1208212638,6.7,"ASTORIA",14375,821,938,793,835,907,2130,1767,1697,1106,991,1283,639,468,7686,3.1,4.3,15.2,21.3,21.7,16.6,4.6,8.4,4.8,25608,25608
"321",322,"80235","44.66666667",3,"denver","CO",10179,11693,494200,325447,289503535,3,"DENVER",2844,180,126,216,670,1096,279,221,56,0,0,0,0,0,2263,2.5,76.3,2.8,2.4,5.8,4.3,4.1,1.8,0,11001,11001
"268",269,"11385-2308","45",1,"NYC","NY",10179,11693,494200,1494116,1208212638,6.7,"#N/A",2300,118,173,164,114,106,321,291,400,158,133,176,95,51,1182,0.4,3.8,23,12.9,21.3,20.6,7.9,5.7,4.4,27000,27000
"297",298,"80211","146.3342697",357,"denver","CO",10179,11693,494200,325447,289503535,3,"DENVER",2844,180,126,216,670,1096,279,221,56,0,0,0,0,0,2263,2.5,76.3,2.8,2.4,5.8,4.3,4.1,1.8,0,11001,11001
"111",112,"10475","94.28571429",14,"NYC","NY",10179,11693,494200,1494116,1208212638,6.7,"BRONX",2300,118,173,164,114,106,321,291,400,158,133,176,95,51,1182,0.4,3.8,23,12.9,21.3,20.6,7.9,5.7,4.4,27000,27000
"393",394,"2131","96.90769231",65,"boston","MA",10179,11693,494200,505121,445450652,3.8,"ROSLINDALE",12644,659,532,971,816,815,1453,1289,1879,958,1001,1237,705,329,5645,1.5,2.9,9.9,14.3,34,12.4,9.8,11.8,3.5,30319,30319
"271",272,"7310","67",1,"NYC","NJ",10179,11693,494200,591600,559001021,2.7,"JERSEY CITY",249294,15331,14786,15023,15813,16906,29469,28944,36743,17292,17569,23150,12537,5731,130320,2.2,3.5,14,17.7,19.1,15.5,6.1,9.8,12.1,29154,29154
"3",3,"10469","70.7",50,"NYC","NY",10179,955,494200,1494116,1208212638,6.7,"BRONX",2300,118,173,164,114,106,321,291,400,158,133,176,95,51,1182,0.4,3.8,23,12.9,21.3,20.6,7.9,5.7,4.4,27000,27000
"379",380,"60453","125",1,"chicago","IL",293,330,182800,805876,673528303,3.6,"OAK LAWN",3259,166,255,245,207,199,380,463,409,233,173,285,187,57,1258,0,1.2,24.1,28.4,25,16,0,4.2,1.1,28188,28188
"301",302,"80210","141.4769231",130,"denver","CO",10179,11693,494200,325447,289503535,3,"DENVER",2844,180,126,216,670,1096,279,221,56,0,0,0,0,0,2263,2.5,76.3,2.8,2.4,5.8,4.3,4.1,1.8,0,11001,11001
"348",349,"60654","245.1428571",113,"chicago","IL",2160,2373,273200,805876,673528303,3.6,"CHICAGO",8679933,556413,580438,587991,591545,582272,1271262,1185117,1211522,562259,476240,601252,324124,149498,4537934,1.5,3,12.5,14.2,18.5,15.1,7.2,12,16,34345,34345
"327",328,"80214","59",1,"denver","CO",10179,11693,494200,325447,289503535,3,"DENVER",2844,180,126,216,670,1096,279,221,56,0,0,0,0,0,2263,2.5,76.3,2.8,2.4,5.8,4.3,4.1,1.8,0,11001,11001
"185",186,"11214","92.875",8,"NYC","NY",10179,11693,494200,1494116,1208212638,6.7,"BROOKLYN",2929,206,197,150,168,171,256,278,402,344,141,378,160,78,1414,1.8,3.9,14.9,6.2,20.9,17.4,12.6,10,12.3,35625,35625
"305",306,"80218","109.8",201,"denver","CO",10179,11693,494200,325447,289503535,3,"DENVER",2844,180,126,216,670,1096,279,221,56,0,0,0,0,0,2263,2.5,76.3,2.8,2.4,5.8,4.3,4.1,1.8,0,11001,11001
"30",31,"11356","92.90909091",11,"NYC","NY",6151,6788,688400,1494116,1208212638,6.7,"COLLEGE POINT",2300,118,173,164,114,106,321,291,400,158,133,176,95,51,1182,0.4,3.8,23,12.9,21.3,20.6,7.9,5.7,4.4,27000,27000
"216",217,"10022","100",1,"NYC","NY",10179,11693,494200,1494116,1208212638,6.7,"NEW YORK",2300,118,173,164,114,106,321,291,400,158,133,176,95,51,1182,0.4,3.8,23,12.9,21.3,20.6,7.9,5.7,4.4,27000,27000
"326",327,"80205","138.0356164",366,"denver","CO",10179,11693,494200,325447,289503535,3,"DENVER",2844,180,126,216,670,1096,279,221,56,0,0,0,0,0,2263,2.5,76.3,2.8,2.4,5.8,4.3,4.1,1.8,0,11001,11001
"36",37,"10280","218.7297297",38,"NYC","NY",7343,8167,851200,1494116,1208212638,6.7,"NEW YORK",2300,118,173,164,114,106,321,291,400,158,133,176,95,51,1182,0.4,3.8,23,12.9,21.3,20.6,7.9,5.7,4.4,27000,27000
"375",376,"60609","104.7575758",33,"chicago","IL",1265,1402,143200,805876,673528303,3.6,"CHICAGO",8679933,556413,580438,587991,591545,582272,1271262,1185117,1211522,562259,476240,601252,324124,149498,4537934,1.5,3,12.5,14.2,18.5,15.1,7.2,12,16,34345,34345
"147",148,"11422","73.75862069",29,"NYC","NY",5461,6033,456400,1494116,1208212638,6.7,"ROSEDALE",2300,118,173,164,114,106,321,291,400,158,133,176,95,51,1182,0.4,3.8,23,12.9,21.3,20.6,7.9,5.7,4.4,27000,27000
"440",441,"20008","172.2769953",223,"dc","DC",1226,1361,842200,128063,51882666,4.3,"WASHINGTON",4850905,331003,314503,296675,302710,319421,792871,719495,698096,300568,255570,308845,144881,66267,2826794,1.1,2.1,7.8,10.3,14.9,13.8,7.2,14.5,28.2,46970,46970
"383",384,"60641","97.88059701",67,"chicago","IL",295,332,273700,805876,673528303,3.6,"CHICAGO",8679933,556413,580438,587991,591545,582272,1271262,1185117,1211522,562259,476240,601252,324124,149498,4537934,1.5,3,12.5,14.2,18.5,15.1,7.2,12,16,34345,34345
"175",176,"10009","161",5,"NYC","NY",10179,11693,494200,1494116,1208212638,6.7,"NEW YORK",2300,118,173,164,114,106,321,291,400,158,133,176,95,51,1182,0.4,3.8,23,12.9,21.3,20.6,7.9,5.7,4.4,27000,27000
"202",203,"10031","93.92144638",802,"NYC","NY",10179,11693,494200,1494116,1208212638,6.7,"NEW YORK",2300,118,173,164,114,106,321,291,400,158,133,176,95,51,1182,0.4,3.8,23,12.9,21.3,20.6,7.9,5.7,4.4,27000,27000
"142",143,"10270","524.5",6,"NYC","NY",10179,11693,494200,1494116,1208212638,6.7,"NEW YORK",2300,118,173,164,114,106,321,291,400,158,133,176,95,51,1182,0.4,3.8,23,12.9,21.3,20.6,7.9,5.7,4.4,27000,27000
"109",110,"10456","102.8571429",28,"NYC","NY",25,37,341300,1494116,1208212638,6.7,"BRONX",2300,118,173,164,114,106,321,291,400,158,133,176,95,51,1182,0.4,3.8,23,12.9,21.3,20.6,7.9,5.7,4.4,27000,27000
"457",458,"20004","353",18,"dc","DC",10883,12610,476300,128063,51882666,4.3,"WASHINGTON",4850905,331003,314503,296675,302710,319421,792871,719495,698096,300568,255570,308845,144881,66267,2826794,1.1,2.1,7.8,10.3,14.9,13.8,7.2,14.5,28.2,46970,46970
"366",367,"60602","124",52,"chicago","IL",10179,14558,494200,805876,673528303,3.6,"CHICAGO",8679933,556413,580438,587991,591545,582272,1271262,1185117,1211522,562259,476240,601252,324124,149498,4537934,1.5,3,12.5,14.2,18.5,15.1,7.2,12,16,34345,34345
"463",464,"20016","157.4230769",140,"dc","DC",1886,2065,971600,128063,51882666,4.3,"WASHINGTON",4850905,331003,314503,296675,302710,319421,792871,719495,698096,300568,255570,308845,144881,66267,2826794,1.1,2.1,7.8,10.3,14.9,13.8,7.2,14.5,28.2,46970,46970
"300",301,"80219","65.54054054",37,"denver","CO",10179,11693,494200,325447,289503535,3,"DENVER",2844,180,126,216,670,1096,279,221,56,0,0,0,0,0,2263,2.5,76.3,2.8,2.4,5.8,4.3,4.1,1.8,0,11001,11001
"473",474,"20781","750",1,"dc","MD",7390,8229,315200,376010,351273102,4.2,"HYATTSVILLE",217880,12744,14310,15640,14675,13536,27127,28433,34259,15427,12971,17178,7963,3617,120657,1.1,2,7.5,11.5,18.1,17.3,8.3,16.3,17.9,42511,42511
"85",86,"11249","158.4957265",704,"NYC","NY",2225,2442,1131500,1494116,1208212638,6.7,"BROOKLYN",2929,206,197,150,168,171,256,278,402,344,141,378,160,78,1414,1.8,3.9,14.9,6.2,20.9,17.4,12.6,10,12.3,35625,35625
"174",175,"10001","163.2432432",37,"NYC","NY",10179,11693,494200,1494116,1208212638,6.7,"NEW YORK",2300,118,173,164,114,106,321,291,400,158,133,176,95,51,1182,0.4,3.8,23,12.9,21.3,20.6,7.9,5.7,4.4,27000,27000
"267",268,"11420","93.77777778",9,"NYC","NY",3913,4304,474300,1494116,1208212638,6.7,"SOUTH OZONE PARK",2300,118,173,164,114,106,321,291,400,158,133,176,95,51,1182,0.4,3.8,23,12.9,21.3,20.6,7.9,5.7,4.4,27000,27000
"250",251,"10022","207.9754386",288,"NYC","NY",10179,1102,494200,1494116,1208212638,6.7,"NEW YORK",2300,118,173,164,114,106,321,291,400,158,133,176,95,51,1182,0.4,3.8,23,12.9,21.3,20.6,7.9,5.7,4.4,27000,27000
"151",152,"11358","103.4444444",9,"NYC","NY",10179,3234,494200,1494116,1208212638,6.7,"FLUSHING",2300,118,173,164,114,106,321,291,400,158,133,176,95,51,1182,0.4,3.8,23,12.9,21.3,20.6,7.9,5.7,4.4,27000,27000
"44",45,"11220","75.64137931",145,"NYC","NY",10179,426,494200,1494116,1208212638,6.7,"BROOKLYN",2929,206,197,150,168,171,256,278,402,344,141,378,160,78,1414,1.8,3.9,14.9,6.2,20.9,17.4,12.6,10,12.3,35625,35625
"455",456,"20019","119.4645161",157,"dc","DC",203,233,294000,128063,51882666,4.3,"WASHINGTON",4850905,331003,314503,296675,302710,319421,792871,719495,698096,300568,255570,308845,144881,66267,2826794,1.1,2.1,7.8,10.3,14.9,13.8,7.2,14.5,28.2,46970,46970
"183",184,"11385","96.07407407",27,"NYC","NY",10179,11693,494200,1494116,1208212638,6.7,"RIDGEWOOD",2300,118,173,164,114,106,321,291,400,158,133,176,95,51,1182,0.4,3.8,23,12.9,21.3,20.6,7.9,5.7,4.4,27000,27000
"382",383,"60632","51.57142857",7,"chicago","IL",929,1027,169200,805876,673528303,3.6,"CHICAGO",8679933,556413,580438,587991,591545,582272,1271262,1185117,1211522,562259,476240,601252,324124,149498,4537934,1.5,3,12.5,14.2,18.5,15.1,7.2,12,16,34345,34345
"100",101,"10001","210.4129353",408,"NYC","NY",10179,2327,494200,1494116,1208212638,6.7,"NEW YORK",2300,118,173,164,114,106,321,291,400,158,133,176,95,51,1182,0.4,3.8,23,12.9,21.3,20.6,7.9,5.7,4.4,27000,27000
"287",288,"10031","132.25",4,"NYC","NY",10179,434,494200,1494116,1208212638,6.7,"NEW YORK",2300,118,173,164,114,106,321,291,400,158,133,176,95,51,1182,0.4,3.8,23,12.9,21.3,20.6,7.9,5.7,4.4,27000,27000
"89",90,"11413","73.14285714",28,"NYC","NY",3704,4070,455400,1494116,1208212638,6.7,"SPRINGFIELD GARDENS",2300,118,173,164,114,106,321,291,400,158,133,176,95,51,1182,0.4,3.8,23,12.9,21.3,20.6,7.9,5.7,4.4,27000,27000
"245",246,"11362","41.66666667",3,"NYC","NY",10179,11693,494200,1494116,1208212638,6.7,"LITTLE NECK",2300,118,173,164,114,106,321,291,400,158,133,176,95,51,1182,0.4,3.8,23,12.9,21.3,20.6,7.9,5.7,4.4,27000,27000
"454",455,"20020","127.875817",158,"dc","DC",360,404,305700,128063,51882666,4.3,"WASHINGTON",4850905,331003,314503,296675,302710,319421,792871,719495,698096,300568,255570,308845,144881,66267,2826794,1.1,2.1,7.8,10.3,14.9,13.8,7.2,14.5,28.2,46970,46970
"18",19,"10457","68.8125",16,"NYC","NY",171,198,376300,1494116,1208212638,6.7,"BRONX",2300,118,173,164,114,106,321,291,400,158,133,176,95,51,1182,0.4,3.8,23,12.9,21.3,20.6,7.9,5.7,4.4,27000,27000
"110",111,"10304","76.75",36,"NYC","NY",2177,2391,497200,1494116,1208212638,6.7,"STATEN ISLAND",2300,118,173,164,114,106,321,291,400,158,133,176,95,51,1182,0.4,3.8,23,12.9,21.3,20.6,7.9,5.7,4.4,27000,27000
"32",33,"11228","107.4814815",27,"NYC","NY",3412,3744,901000,1494116,1208212638,6.7,"BROOKLYN",2929,206,197,150,168,171,256,278,402,344,141,378,160,78,1414,1.8,3.9,14.9,6.2,20.9,17.4,12.6,10,12.3,35625,35625
"8",8,"11106","107.4514107",319,"NYC","NY",10179,1075,494200,1494116,1208212638,6.7,"ASTORIA",14375,821,938,793,835,907,2130,1767,1697,1106,991,1283,639,468,7686,3.1,4.3,15.2,21.3,21.7,16.6,4.6,8.4,4.8,25608,25608
"88",89,"11411","67.33333333",9,"NYC","NY",6655,7370,457300,1494116,1208212638,6.7,"CAMBRIA HEIGHTS",2300,118,173,164,114,106,321,291,400,158,133,176,95,51,1182,0.4,3.8,23,12.9,21.3,20.6,7.9,5.7,4.4,27000,27000
"458",459,"20268","365.9333333",15,"dc","DC",10179,11693,494200,128063,51882666,4.3,"WASHINGTON",4850905,331003,314503,296675,302710,319421,792871,719495,698096,300568,255570,308845,144881,66267,2826794,1.1,2.1,7.8,10.3,14.9,13.8,7.2,14.5,28.2,46970,46970
"411",412,"2218","169",1,"boston","MA",10179,11693,494200,505121,445450652,3.8,"#N/A",12644,659,532,971,816,815,1453,1289,1879,958,1001,1237,705,329,5645,1.5,2.9,9.9,14.3,34,12.4,9.8,11.8,3.5,30319,30319
"87",88,"10026","105.4473684",38,"NYC","NY",1627,1783,1087700,1494116,1208212638,6.7,"NEW YORK",2300,118,173,164,114,106,321,291,400,158,133,176,95,51,1182,0.4,3.8,23,12.9,21.3,20.6,7.9,5.7,4.4,27000,27000
"308",309,"80247","35.55",20,"denver","CO",10179,11693,494200,325447,289503535,3,"DENVER",2844,180,126,216,670,1096,279,221,56,0,0,0,0,0,2263,2.5,76.3,2.8,2.4,5.8,4.3,4.1,1.8,0,11001,11001
"103",104,"10018","225.8636364",70,"NYC","NY",10179,11693,494200,1494116,1208212638,6.7,"NEW YORK",2300,118,173,164,114,106,321,291,400,158,133,176,95,51,1182,0.4,3.8,23,12.9,21.3,20.6,7.9,5.7,4.4,27000,27000
"435",436,"2143","95.57142857",7,"boston","MA",10179,11693,494200,505121,445450652,3.8,"SOMERVILLE",12644,659,532,971,816,815,1453,1289,1879,958,1001,1237,705,329,5645,1.5,2.9,9.9,14.3,34,12.4,9.8,11.8,3.5,30319,30319
"347",348,"60612","111.8455882",136,"chicago","IL",2241,2460,212800,805876,673528303,3.6,"CHICAGO",8679933,556413,580438,587991,591545,582272,1271262,1185117,1211522,562259,476240,601252,324124,149498,4537934,1.5,3,12.5,14.2,18.5,15.1,7.2,12,16,34345,34345
"417",418,"02108 02111","334",1,"boston","MA",10179,11693,494200,505121,445450652,3.8,"#N/A",12644,659,532,971,816,815,1453,1289,1879,958,1001,1237,705,329,5645,1.5,2.9,9.9,14.3,34,12.4,9.8,11.8,3.5,30319,30319
"93",94,"10038","173.2880435",186,"NYC","NY",3430,3764,1152500,1494116,1208212638,6.7,"NEW YORK",2300,118,173,164,114,106,321,291,400,158,133,176,95,51,1182,0.4,3.8,23,12.9,21.3,20.6,7.9,5.7,4.4,27000,27000
"404",405,"2114","203.8340611",231,"boston","MA",10179,11693,494200,505121,445450652,3.8,"BOSTON",4311208,242795,243633,251064,291305,314663,641269,560973,632337,290308,245789,322442,181413,93217,2465334,1.1,1.8,7.3,11.6,18.2,16.4,8,14.2,21.4,40143,40143
"150",151,"11354","81.15384615",26,"NYC","NY",10179,636,494200,1494116,1208212638,6.7,"FLUSHING",2300,118,173,164,114,106,321,291,400,158,133,176,95,51,1182,0.4,3.8,23,12.9,21.3,20.6,7.9,5.7,4.4,27000,27000
"278",279,"10075","156.0813397",209,"NYC","NY",10179,2136,494200,1494116,1208212638,6.7,"NEW YORK",2300,118,173,164,114,106,321,291,400,158,133,176,95,51,1182,0.4,3.8,23,12.9,21.3,20.6,7.9,5.7,4.4,27000,27000
"416",417,"2126","80.95833333",24,"boston","MA",10179,11693,494200,505121,445450652,3.8,"MATTAPAN",12644,659,532,971,816,815,1453,1289,1879,958,1001,1237,705,329,5645,1.5,2.9,9.9,14.3,34,12.4,9.8,11.8,3.5,30319,30319
"69",70,"11217","150.3442623",306,"NYC","NY",1720,1888,1220100,1494116,1208212638,6.7,"BROOKLYN",2929,206,197,150,168,171,256,278,402,344,141,378,160,78,1414,1.8,3.9,14.9,6.2,20.9,17.4,12.6,10,12.3,35625,35625
"418",419,"2472","60",1,"boston","MA",10179,11693,494200,505121,445450652,3.8,"WATERTOWN",4197,207,418,299,215,242,549,711,713,212,181,194,151,105,2523,2,2,5.9,17.5,15.8,22.8,11.8,14.9,7.3,34792,34792
"448",449,"20782","183.75",4,"dc","MD",2948,3240,291400,376010,351273102,4.2,"HYATTSVILLE",217880,12744,14310,15640,14675,13536,27127,28433,34259,15427,12971,17178,7963,3617,120657,1.1,2,7.5,11.5,18.1,17.3,8.3,16.3,17.9,42511,42511
"63",64,"11426-1175","140",1,"NYC","NY",10179,11693,494200,1494116,1208212638,6.7,"#N/A",2300,118,173,164,114,106,321,291,400,158,133,176,95,51,1182,0.4,3.8,23,12.9,21.3,20.6,7.9,5.7,4.4,27000,27000
"324",325,"80239","87.85714286",7,"denver","CO",10179,11693,494200,325447,289503535,3,"DENVER",2844,180,126,216,670,1096,279,221,56,0,0,0,0,0,2263,2.5,76.3,2.8,2.4,5.8,4.3,4.1,1.8,0,11001,11001
"84",85,"11212","82.38596491",57,"NYC","NY",41,55,399400,1494116,1208212638,6.7,"BROOKLYN",2929,206,197,150,168,171,256,278,402,344,141,378,160,78,1414,1.8,3.9,14.9,6.2,20.9,17.4,12.6,10,12.3,35625,35625
"273",274,"11436","125.4",5,"NYC","NY",7445,8301,430700,1494116,1208212638,6.7,"JAMAICA",2300,118,173,164,114,106,321,291,400,158,133,176,95,51,1182,0.4,3.8,23,12.9,21.3,20.6,7.9,5.7,4.4,27000,27000
"358",359,"60606","153.7272727",11,"chicago","IL",9422,10750,371000,805876,673528303,3.6,"CHICAGO",8679933,556413,580438,587991,591545,582272,1271262,1185117,1211522,562259,476240,601252,324124,149498,4537934,1.5,3,12.5,14.2,18.5,15.1,7.2,12,16,34345,34345
"424",425,"2132","103.7837838",37,"boston","MA",10179,11693,494200,505121,445450652,3.8,"WEST ROXBURY",12644,659,532,971,816,815,1453,1289,1879,958,1001,1237,705,329,5645,1.5,2.9,9.9,14.3,34,12.4,9.8,11.8,3.5,30319,30319
"157",158,"11358","149.1538462",26,"NYC","NY",10179,11693,494200,1494116,1208212638,6.7,"FLUSHING",2300,118,173,164,114,106,321,291,400,158,133,176,95,51,1182,0.4,3.8,23,12.9,21.3,20.6,7.9,5.7,4.4,27000,27000
"338",339,"60645","88.46666667",60,"chicago","IL",1279,1416,182500,805876,673528303,3.6,"CHICAGO",8679933,556413,580438,587991,591545,582272,1271262,1185117,1211522,562259,476240,601252,324124,149498,4537934,1.5,3,12.5,14.2,18.5,15.1,7.2,12,16,34345,34345
"211",212,"10029","354",3,"NYC","NY",10179,11693,494200,1494116,1208212638,6.7,"NEW YORK",2300,118,173,164,114,106,321,291,400,158,133,176,95,51,1182,0.4,3.8,23,12.9,21.3,20.6,7.9,5.7,4.4,27000,27000
"456",457,"20743","26.81818182",11,"dc","MD",1690,1853,209600,376010,351273102,4.2,"CAPITOL HEIGHTS",217880,12744,14310,15640,14675,13536,27127,28433,34259,15427,12971,17178,7963,3617,120657,1.1,2,7.5,11.5,18.1,17.3,8.3,16.3,17.9,42511,42511
"294",295,"11581","75",1,"NYC","NY",5943,6555,474100,1494116,1208212638,6.7,"VALLEY STREAM",2300,118,173,164,114,106,321,291,400,158,133,176,95,51,1182,0.4,3.8,23,12.9,21.3,20.6,7.9,5.7,4.4,27000,27000
"334",335,"60659","71.42857143",28,"chicago","IL",2305,2531,264500,805876,673528303,3.6,"CHICAGO",8679933,556413,580438,587991,591545,582272,1271262,1185117,1211522,562259,476240,601252,324124,149498,4537934,1.5,3,12.5,14.2,18.5,15.1,7.2,12,16,34345,34345
"189",190,"11226","60",1,"NYC","NY",10179,11693,494200,1494116,1208212638,6.7,"BROOKLYN",2929,206,197,150,168,171,256,278,402,344,141,378,160,78,1414,1.8,3.9,14.9,6.2,20.9,17.4,12.6,10,12.3,35625,35625
"279",280,"10162","200",2,"NYC","NY",10179,11693,494200,1494116,1208212638,6.7,"NEW YORK",2300,118,173,164,114,106,321,291,400,158,133,176,95,51,1182,0.4,3.8,23,12.9,21.3,20.6,7.9,5.7,4.4,27000,27000
"169",170,"11238","150.3389831",59,"NYC","NY",10179,11693,494200,1494116,1208212638,6.7,"BROOKLYN",2929,206,197,150,168,171,256,278,402,344,141,378,160,78,1414,1.8,3.9,14.9,6.2,20.9,17.4,12.6,10,12.3,35625,35625
"228",229,"11417","100",1,"NYC","NY",10179,11693,494200,1494116,1208212638,6.7,"OZONE PARK",2300,118,173,164,114,106,321,291,400,158,133,176,95,51,1182,0.4,3.8,23,12.9,21.3,20.6,7.9,5.7,4.4,27000,27000
"459",460,"20002","183.091443",1270,"dc","DC",28,42,611500,128063,51882666,4.3,"WASHINGTON",4850905,331003,314503,296675,302710,319421,792871,719495,698096,300568,255570,308845,144881,66267,2826794,1.1,2.1,7.8,10.3,14.9,13.8,7.2,14.5,28.2,46970,46970
"277",278,"10307","218",3,"NYC","NY",7826,8758,570600,1494116,1208212638,6.7,"STATEN ISLAND",2300,118,173,164,114,106,321,291,400,158,133,176,95,51,1182,0.4,3.8,23,12.9,21.3,20.6,7.9,5.7,4.4,27000,27000
"203",204,"10035","155",20,"NYC","NY",10179,11693,494200,1494116,1208212638,6.7,"NEW YORK",2300,118,173,164,114,106,321,291,400,158,133,176,95,51,1182,0.4,3.8,23,12.9,21.3,20.6,7.9,5.7,4.4,27000,27000
"332",333,"60613","166.8340426",236,"chicago","IL",26,38,207200,805876,673528303,3.6,"CHICAGO",8679933,556413,580438,587991,591545,582272,1271262,1185117,1211522,562259,476240,601252,324124,149498,4537934,1.5,3,12.5,14.2,18.5,15.1,7.2,12,16,34345,34345
"243",244,"10468","66.45454545",11,"NYC","NY",10179,11693,494200,1494116,1208212638,6.7,"BRONX",2300,118,173,164,114,106,321,291,400,158,133,176,95,51,1182,0.4,3.8,23,12.9,21.3,20.6,7.9,5.7,4.4,27000,27000
"199",200,"10013","169.5813953",86,"NYC","NY",10179,11693,494200,1494116,1208212638,6.7,"NEW YORK",2300,118,173,164,114,106,321,291,400,158,133,176,95,51,1182,0.4,3.8,23,12.9,21.3,20.6,7.9,5.7,4.4,27000,27000
"171",172,"11220","90",1,"NYC","NY",10179,11693,494200,1494116,1208212638,6.7,"BROOKLYN",2929,206,197,150,168,171,256,278,402,344,141,378,160,78,1414,1.8,3.9,14.9,6.2,20.9,17.4,12.6,10,12.3,35625,35625
"286",287,"10704","200",1,"NYC","NY",2893,3176,427900,1494116,1208212638,6.7,"YONKERS",2300,118,173,164,114,106,321,291,400,158,133,176,95,51,1182,0.4,3.8,23,12.9,21.3,20.6,7.9,5.7,4.4,27000,27000
"322",323,"80227","97.33333333",3,"denver","CO",10179,11693,494200,325447,289503535,3,"DENVER",2844,180,126,216,670,1096,279,221,56,0,0,0,0,0,2263,2.5,76.3,2.8,2.4,5.8,4.3,4.1,1.8,0,11001,11001
"427",428,"2186","50",1,"boston","MA",10179,11693,494200,505121,445450652,3.8,"MILTON",2920,188,103,237,91,156,449,409,296,164,217,434,125,51,1413,2.2,4.1,12.8,31.5,17.7,15.6,4.3,7.1,4.7,29882,29882
"134",135,"10471","147.75",12,"NYC","NY",10179,4848,494200,1494116,1208212638,6.7,"BRONX",2300,118,173,164,114,106,321,291,400,158,133,176,95,51,1182,0.4,3.8,23,12.9,21.3,20.6,7.9,5.7,4.4,27000,27000
"363",364,"60631","93.22222222",9,"chicago","IL",2862,3142,328700,805876,673528303,3.6,"CHICAGO",8679933,556413,580438,587991,591545,582272,1271262,1185117,1211522,562259,476240,601252,324124,149498,4537934,1.5,3,12.5,14.2,18.5,15.1,7.2,12,16,34345,34345
"172",173,"10010","188.1111111",243,"NYC","NY",10179,11693,494200,1494116,1208212638,6.7,"NEW YORK",2300,118,173,164,114,106,321,291,400,158,133,176,95,51,1182,0.4,3.8,23,12.9,21.3,20.6,7.9,5.7,4.4,27000,27000
"45",46,"10306","71.93333333",15,"NYC","NY",753,825,494600,1494116,1208212638,6.7,"STATEN ISLAND",2300,118,173,164,114,106,321,291,400,158,133,176,95,51,1182,0.4,3.8,23,12.9,21.3,20.6,7.9,5.7,4.4,27000,27000
"369",370,"60603","206.5",2,"chicago","IL",10179,14959,494200,805876,673528303,3.6,"CHICAGO",8679933,556413,580438,587991,591545,582272,1271262,1185117,1211522,562259,476240,601252,324124,149498,4537934,1.5,3,12.5,14.2,18.5,15.1,7.2,12,16,34345,34345
"136",137,"11239","90",1,"NYC","NY",10179,11693,494200,1494116,1208212638,6.7,"BROOKLYN",2929,206,197,150,168,171,256,278,402,344,141,378,160,78,1414,1.8,3.9,14.9,6.2,20.9,17.4,12.6,10,12.3,35625,35625
"61",62,"11426","75.5",4,"NYC","NY",6699,7426,593900,1494116,1208212638,6.7,"BELLEROSE",2300,118,173,164,114,106,321,291,400,158,133,176,95,51,1182,0.4,3.8,23,12.9,21.3,20.6,7.9,5.7,4.4,27000,27000
"234",235,"11370","51.5",2,"NYC","NY",10179,11693,494200,1494116,1208212638,6.7,"EAST ELMHURST",2300,118,173,164,114,106,321,291,400,158,133,176,95,51,1182,0.4,3.8,23,12.9,21.3,20.6,7.9,5.7,4.4,27000,27000
"442",443,"20017","128.8104575",158,"dc","DC",5019,5549,518800,128063,51882666,4.3,"WASHINGTON",4850905,331003,314503,296675,302710,319421,792871,719495,698096,300568,255570,308845,144881,66267,2826794,1.1,2.1,7.8,10.3,14.9,13.8,7.2,14.5,28.2,46970,46970
"304",305,"80223","129.1341463",82,"denver","CO",10179,11693,494200,325447,289503535,3,"DENVER",2844,180,126,216,670,1096,279,221,56,0,0,0,0,0,2263,2.5,76.3,2.8,2.4,5.8,4.3,4.1,1.8,0,11001,11001
"39",40,"10004","203.6271186",59,"NYC","NY",9652,11058,1425100,1494116,1208212638,6.7,"NEW YORK",2300,118,173,164,114,106,321,291,400,158,133,176,95,51,1182,0.4,3.8,23,12.9,21.3,20.6,7.9,5.7,4.4,27000,27000
"113",114,"11368","62.94117647",68,"NYC","NY",352,394,457800,1494116,1208212638,6.7,"CORONA",2300,118,173,164,114,106,321,291,400,158,133,176,95,51,1182,0.4,3.8,23,12.9,21.3,20.6,7.9,5.7,4.4,27000,27000
"430",431,"02134-1704","80",1,"boston","MA",10179,11693,494200,505121,445450652,3.8,"#N/A",12644,659,532,971,816,815,1453,1289,1879,958,1001,1237,705,329,5645,1.5,2.9,9.9,14.3,34,12.4,9.8,11.8,3.5,30319,30319
"330",331,"60625","110.4423077",104,"chicago","IL",35,49,266300,805876,673528303,3.6,"CHICAGO",8679933,556413,580438,587991,591545,582272,1271262,1185117,1211522,562259,476240,601252,324124,149498,4537934,1.5,3,12.5,14.2,18.5,15.1,7.2,12,16,34345,34345
"114",115,"10465","92.4",10,"NYC","NY",10179,2806,494200,1494116,1208212638,6.7,"BRONX",2300,118,173,164,114,106,321,291,400,158,133,176,95,51,1182,0.4,3.8,23,12.9,21.3,20.6,7.9,5.7,4.4,27000,27000
"437",438,"20036","176.746988",87,"dc","DC",8494,9549,375600,128063,51882666,4.3,"WASHINGTON",4850905,331003,314503,296675,302710,319421,792871,719495,698096,300568,255570,308845,144881,66267,2826794,1.1,2.1,7.8,10.3,14.9,13.8,7.2,14.5,28.2,46970,46970
"318",319,"80204","111.3333333",150,"denver","CO",10179,11693,494200,325447,289503535,3,"DENVER",2844,180,126,216,670,1096,279,221,56,0,0,0,0,0,2263,2.5,76.3,2.8,2.4,5.8,4.3,4.1,1.8,0,11001,11001
"181",182,"11432","103.5",14,"NYC","NY",10179,11693,494200,1494116,1208212638,6.7,"JAMAICA",2300,118,173,164,114,106,321,291,400,158,133,176,95,51,1182,0.4,3.8,23,12.9,21.3,20.6,7.9,5.7,4.4,27000,27000
"441",442,"20001","200.8966455",1148,"dc","DC",263,298,643200,128063,51882666,4.3,"WASHINGTON",4850905,331003,314503,296675,302710,319421,792871,719495,698096,300568,255570,308845,144881,66267,2826794,1.1,2.1,7.8,10.3,14.9,13.8,7.2,14.5,28.2,46970,46970
"378",379,"60652","45",3,"chicago","IL",2541,2791,172500,805876,673528303,3.6,"CHICAGO",8679933,556413,580438,587991,591545,582272,1271262,1185117,1211522,562259,476240,601252,324124,149498,4537934,1.5,3,12.5,14.2,18.5,15.1,7.2,12,16,34345,34345
"374",375,"60638","57.25",4,"chicago","IL",594,654,209600,805876,673528303,3.6,"CHICAGO",8679933,556413,580438,587991,591545,582272,1271262,1185117,1211522,562259,476240,601252,324124,149498,4537934,1.5,3,12.5,14.2,18.5,15.1,7.2,12,16,34345,34345
"293",294,"11580","122",1,"NYC","NY",3067,3369,432600,1494116,1208212638,6.7,"VALLEY STREAM",2300,118,173,164,114,106,321,291,400,158,133,176,95,51,1182,0.4,3.8,23,12.9,21.3,20.6,7.9,5.7,4.4,27000,27000
"1",1,"10464","143.2857143",7,"NYC","NY",10179,11693,494200,1494116,1208212638,6.7,"BRONX",2300,118,173,164,114,106,321,291,400,158,133,176,95,51,1182,0.4,3.8,23,12.9,21.3,20.6,7.9,5.7,4.4,27000,27000
"355",356,"60304","65",2,"chicago","IL",5786,6377,384800,805876,673528303,3.6,"OAK PARK",3259,166,255,245,207,199,380,463,409,233,173,285,187,57,1258,0,1.2,24.1,28.4,25,16,0,4.2,1.1,28188,28188
"135",136,"10463","102.2162162",37,"NYC","NY",33,47,493400,1494116,1208212638,6.7,"BRONX",2300,118,173,164,114,106,321,291,400,158,133,176,95,51,1182,0.4,3.8,23,12.9,21.3,20.6,7.9,5.7,4.4,27000,27000
"217",218,"10000","200",1,"NYC","NY",10179,11693,494200,1494116,1208212638,6.7,"#N/A",2300,118,173,164,114,106,321,291,400,158,133,176,95,51,1182,0.4,3.8,23,12.9,21.3,20.6,7.9,5.7,4.4,27000,27000
"173",174,"10003","191.0038462",268,"NYC","NY",10179,11693,494200,1494116,1208212638,6.7,"NEW YORK",2300,118,173,164,114,106,321,291,400,158,133,176,95,51,1182,0.4,3.8,23,12.9,21.3,20.6,7.9,5.7,4.4,27000,27000
"252",253,"11109","193.28",25,"NYC","NY",10179,8686,494200,1494116,1208212638,6.7,"LONG ISLAND CITY",2300,118,173,164,114,106,321,291,400,158,133,176,95,51,1182,0.4,3.8,23,12.9,21.3,20.6,7.9,5.7,4.4,27000,27000
"340",341,"60630","74.92682927",41,"chicago","IL",676,746,283200,805876,673528303,3.6,"CHICAGO",8679933,556413,580438,587991,591545,582272,1271262,1185117,1211522,562259,476240,601252,324124,149498,4537934,1.5,3,12.5,14.2,18.5,15.1,7.2,12,16,34345,34345
"49",50,"11221","87.18201754",1371,"NYC","NY",93,115,1033600,1494116,1208212638,6.7,"BROOKLYN",2929,206,197,150,168,171,256,278,402,344,141,378,160,78,1414,1.8,3.9,14.9,6.2,20.9,17.4,12.6,10,12.3,35625,35625
"97",98,"10301","104.257732",98,"NYC","NY",2020,2216,505600,1494116,1208212638,6.7,"STATEN ISLAND",2300,118,173,164,114,106,321,291,400,158,133,176,95,51,1182,0.4,3.8,23,12.9,21.3,20.6,7.9,5.7,4.4,27000,27000
"254",255,"10002-2289","85",1,"NYC","NY",10179,11693,494200,1494116,1208212638,6.7,"#N/A",2300,118,173,164,114,106,321,291,400,158,133,176,95,51,1182,0.4,3.8,23,12.9,21.3,20.6,7.9,5.7,4.4,27000,27000
"258",259,"10303","102.25",8,"NYC","NY",5424,5993,352100,1494116,1208212638,6.7,"STATEN ISLAND",2300,118,173,164,114,106,321,291,400,158,133,176,95,51,1182,0.4,3.8,23,12.9,21.3,20.6,7.9,5.7,4.4,27000,27000
"239",240,"11433","77.875",8,"NYC","NY",10179,11693,494200,1494116,1208212638,6.7,"JAMAICA",2300,118,173,164,114,106,321,291,400,158,133,176,95,51,1182,0.4,3.8,23,12.9,21.3,20.6,7.9,5.7,4.4,27000,27000
"92",93,"10002","158.3579545",1241,"NYC","NY",10179,6,494200,1494116,1208212638,6.7,"NEW YORK",2300,118,173,164,114,106,321,291,400,158,133,176,95,51,1182,0.4,3.8,23,12.9,21.3,20.6,7.9,5.7,4.4,27000,27000
"180",181,"10306","140",2,"NYC","NY",10179,11693,494200,1494116,1208212638,6.7,"STATEN ISLAND",2300,118,173,164,114,106,321,291,400,158,133,176,95,51,1182,0.4,3.8,23,12.9,21.3,20.6,7.9,5.7,4.4,27000,27000
"412",413,"2142","270",1,"boston","MA",10179,11693,494200,505121,445450652,3.8,"CAMBRIDGE",14723,1156,1058,806,781,1210,2027,1469,1819,856,958,1370,743,470,7400,1.6,4,16.1,20.9,22.2,15.2,7.6,7.5,4.8,26766,26766
"247",248,"10451","165",3,"NYC","NY",10179,11693,494200,1494116,1208212638,6.7,"BRONX",2300,118,173,164,114,106,321,291,400,158,133,176,95,51,1182,0.4,3.8,23,12.9,21.3,20.6,7.9,5.7,4.4,27000,27000
"75",76,"11432","107.8095238",22,"NYC","NY",1041,1153,689200,1494116,1208212638,6.7,"JAMAICA",2300,118,173,164,114,106,321,291,400,158,133,176,95,51,1182,0.4,3.8,23,12.9,21.3,20.6,7.9,5.7,4.4,27000,27000
"129",130,"10019","245.6906475",285,"NYC","NY",10179,91,494200,1494116,1208212638,6.7,"NEW YORK",2300,118,173,164,114,106,321,291,400,158,133,176,95,51,1182,0.4,3.8,23,12.9,21.3,20.6,7.9,5.7,4.4,27000,27000
"314",315,"80222","92.38461538",26,"denver","CO",10179,11693,494200,325447,289503535,3,"DENVER",2844,180,126,216,670,1096,279,221,56,0,0,0,0,0,2263,2.5,76.3,2.8,2.4,5.8,4.3,4.1,1.8,0,11001,11001
"465",466,"20007-3413","179",1,"dc","DC",10179,11693,494200,128063,51882666,4.3,"#N/A",4850905,331003,314503,296675,302710,319421,792871,719495,698096,300568,255570,308845,144881,66267,2826794,1.1,2.1,7.8,10.3,14.9,13.8,7.2,14.5,28.2,46970,46970
"21",22,"10460","182.6470588",17,"NYC","NY",10179,11693,494200,1494116,1208212638,6.7,"BRONX",2300,118,173,164,114,106,321,291,400,158,133,176,95,51,1182,0.4,3.8,23,12.9,21.3,20.6,7.9,5.7,4.4,27000,27000
"152",153,"11365","47.5",2,"NYC","NY",1730,1899,820000,1494116,1208212638,6.7,"FRESH MEADOWS",2300,118,173,164,114,106,321,291,400,158,133,176,95,51,1182,0.4,3.8,23,12.9,21.3,20.6,7.9,5.7,4.4,27000,27000
"144",145,"10034","350",1,"NYC","NY",10179,11693,494200,1494116,1208212638,6.7,"NEW YORK",2300,118,173,164,114,106,321,291,400,158,133,176,95,51,1182,0.4,3.8,23,12.9,21.3,20.6,7.9,5.7,4.4,27000,27000
"221",222,"10456","49.16666667",6,"NYC","NY",10179,11693,494200,1494116,1208212638,6.7,"BRONX",2300,118,173,164,114,106,321,291,400,158,133,176,95,51,1182,0.4,3.8,23,12.9,21.3,20.6,7.9,5.7,4.4,27000,27000
"260",261,"10040","81.008",125,"NYC","NY",10179,11693,494200,1494116,1208212638,6.7,"NEW YORK",2300,118,173,164,114,106,321,291,400,158,133,176,95,51,1182,0.4,3.8,23,12.9,21.3,20.6,7.9,5.7,4.4,27000,27000
"371",372,"60619","115.1111111",9,"chicago","IL",53,71,145500,805876,673528303,3.6,"CHICAGO",8679933,556413,580438,587991,591545,582272,1271262,1185117,1211522,562259,476240,601252,324124,149498,4537934,1.5,3,12.5,14.2,18.5,15.1,7.2,12,16,34345,34345
"434",435,"2141","150",3,"boston","MA",10179,11693,494200,505121,445450652,3.8,"CAMBRIDGE",14723,1156,1058,806,781,1210,2027,1469,1819,856,958,1370,743,470,7400,1.6,4,16.1,20.9,22.2,15.2,7.6,7.5,4.8,26766,26766
"208",209,"10030","104.2760736",328,"NYC","NY",10179,11693,494200,1494116,1208212638,6.7,"NEW YORK",2300,118,173,164,114,106,321,291,400,158,133,176,95,51,1182,0.4,3.8,23,12.9,21.3,20.6,7.9,5.7,4.4,27000,27000
"131",132,"10308","82.5",2,"NYC","NY",4771,5257,499800,1494116,1208212638,6.7,"STATEN ISLAND",2300,118,173,164,114,106,321,291,400,158,133,176,95,51,1182,0.4,3.8,23,12.9,21.3,20.6,7.9,5.7,4.4,27000,27000
"95",96,"11374","89.65714286",70,"NYC","NY",10179,652,494200,1494116,1208212638,6.7,"REGO PARK",2300,118,173,164,114,106,321,291,400,158,133,176,95,51,1182,0.4,3.8,23,12.9,21.3,20.6,7.9,5.7,4.4,27000,27000
"91",92,"11412","111.1290323",31,"NYC","NY",4270,4706,454800,1494116,1208212638,6.7,"SAINT ALBANS",2300,118,173,164,114,106,321,291,400,158,133,176,95,51,1182,0.4,3.8,23,12.9,21.3,20.6,7.9,5.7,4.4,27000,27000
"74",75,"11435","60.68181818",23,"NYC","NY",1386,1530,437700,1494116,1208212638,6.7,"JAMAICA",2300,118,173,164,114,106,321,291,400,158,133,176,95,51,1182,0.4,3.8,23,12.9,21.3,20.6,7.9,5.7,4.4,27000,27000
"40",41,"10012","210.4399225",522,"NYC","NY",2147,11693,2369200,1494116,1208212638,6.7,"NEW YORK",2300,118,173,164,114,106,321,291,400,158,133,176,95,51,1182,0.4,3.8,23,12.9,21.3,20.6,7.9,5.7,4.4,27000,27000
"331",332,"60640","113.5119617",209,"chicago","IL",5,7,206700,805876,673528303,3.6,"CHICAGO",8679933,556413,580438,587991,591545,582272,1271262,1185117,1211522,562259,476240,601252,324124,149498,4537934,1.5,3,12.5,14.2,18.5,15.1,7.2,12,16,34345,34345
"64",65,"11204","87.4137931",30,"NYC","NY",317,355,876800,1494116,1208212638,6.7,"BROOKLYN",2929,206,197,150,168,171,256,278,402,344,141,378,160,78,1414,1.8,3.9,14.9,6.2,20.9,17.4,12.6,10,12.3,35625,35625
"381",382,"60653","116.8037383",107,"chicago","IL",1646,1805,221600,805876,673528303,3.6,"CHICAGO",8679933,556413,580438,587991,591545,582272,1271262,1185117,1211522,562259,476240,601252,324124,149498,4537934,1.5,3,12.5,14.2,18.5,15.1,7.2,12,16,34345,34345
"337",338,"60626","100.0166667",120,"chicago","IL",177,204,149600,805876,673528303,3.6,"CHICAGO",8679933,556413,580438,587991,591545,582272,1271262,1185117,1211522,562259,476240,601252,324124,149498,4537934,1.5,3,12.5,14.2,18.5,15.1,7.2,12,16,34345,34345
"299",300,"80202","164.6161616",198,"denver","CO",10179,11693,494200,325447,289503535,3,"DENVER",2844,180,126,216,670,1096,279,221,56,0,0,0,0,0,2263,2.5,76.3,2.8,2.4,5.8,4.3,4.1,1.8,0,11001,11001
"283",284,"10032","89.95424837",461,"NYC","NY",10179,363,494200,1494116,1208212638,6.7,"NEW YORK",2300,118,173,164,114,106,321,291,400,158,133,176,95,51,1182,0.4,3.8,23,12.9,21.3,20.6,7.9,5.7,4.4,27000,27000
"255",256,"10023","207.1656184",478,"NYC","NY",10179,3,494200,1494116,1208212638,6.7,"NEW YORK",2300,118,173,164,114,106,321,291,400,158,133,176,95,51,1182,0.4,3.8,23,12.9,21.3,20.6,7.9,5.7,4.4,27000,27000
"339",340,"60660","102.3613445",119,"chicago","IL",308,346,177200,805876,673528303,3.6,"CHICAGO",8679933,556413,580438,587991,591545,582272,1271262,1185117,1211522,562259,476240,601252,324124,149498,4537934,1.5,3,12.5,14.2,18.5,15.1,7.2,12,16,34345,34345
"77",78,"11224","91.39285714",29,"NYC","NY",725,798,499600,1494116,1208212638,6.7,"BROOKLYN",2929,206,197,150,168,171,256,278,402,344,141,378,160,78,1414,1.8,3.9,14.9,6.2,20.9,17.4,12.6,10,12.3,35625,35625
"120",121,"11372","59",6,"NYC","NY",10179,224,494200,1494116,1208212638,6.7,"JACKSON HEIGHTS",2300,118,173,164,114,106,321,291,400,158,133,176,95,51,1182,0.4,3.8,23,12.9,21.3,20.6,7.9,5.7,4.4,27000,27000
"7",7,"11370","94.5625",32,"NYC","NY",6059,6687,674400,1494116,1208212638,6.7,"EAST ELMHURST",2300,118,173,164,114,106,321,291,400,158,133,176,95,51,1182,0.4,3.8,23,12.9,21.3,20.6,7.9,5.7,4.4,27000,27000
"400",401,"2111","253.5353535",99,"boston","MA",10179,11693,494200,505121,445450652,3.8,"BOSTON",4311208,242795,243633,251064,291305,314663,641269,560973,632337,290308,245789,322442,181413,93217,2465334,1.1,1.8,7.3,11.6,18.2,16.4,8,14.2,21.4,40143,40143
"452",453,"20010","158.3480084",487,"dc","DC",2423,2663,663400,128063,51882666,4.3,"WASHINGTON",4850905,331003,314503,296675,302710,319421,792871,719495,698096,300568,255570,308845,144881,66267,2826794,1.1,2.1,7.8,10.3,14.9,13.8,7.2,14.5,28.2,46970,46970
"246",247,"10459","70",1,"NYC","NY",10179,11693,494200,1494116,1208212638,6.7,"BRONX",2300,118,173,164,114,106,321,291,400,158,133,176,95,51,1182,0.4,3.8,23,12.9,21.3,20.6,7.9,5.7,4.4,27000,27000
"453",454,"20032","133.1315789",41,"dc","DC",1577,1729,277000,128063,51882666,4.3,"WASHINGTON",4850905,331003,314503,296675,302710,319421,792871,719495,698096,300568,255570,308845,144881,66267,2826794,1.1,2.1,7.8,10.3,14.9,13.8,7.2,14.5,28.2,46970,46970
"438",439,"20005","249.7472527",288,"dc","DC",4860,5371,509700,128063,51882666,4.3,"WASHINGTON",4850905,331003,314503,296675,302710,319421,792871,719495,698096,300568,255570,308845,144881,66267,2826794,1.1,2.1,7.8,10.3,14.9,13.8,7.2,14.5,28.2,46970,46970
"4",4,"10462","83.70588235",34,"NYC","NY",24,36,135400,1494116,1208212638,6.7,"BRONX",2300,118,173,164,114,106,321,291,400,158,133,176,95,51,1182,0.4,3.8,23,12.9,21.3,20.6,7.9,5.7,4.4,27000,27000
